index,User,Card,Use Chip
1610,618,1,0
1621,618,1,0
1625,618,1,0
1626,618,1,0
1629,618,1,0
1631,618,1,0
1632,618,1,0
1633,618,1,0
1637,618,1,0
1643,618,1,0
1648,618,1,0
1649,618,1,0
1650,618,1,0
1651,618,1,0
1652,618,1,0
1687,618,1,0
1688,618,1,0
1689,618,1,0
1690,618,1,0
4209,619,0,2
4210,619,0,2
4211,619,0,1
4212,619,0,1
4213,619,0,1
4214,619,0,2
4215,619,0,1
4381,619,0,1
4384,619,0,1
4385,619,0,1
4386,619,0,1
4387,619,0,1
4401,619,0,1
4402,619,0,1
5139,619,0,2
5140,619,0,1
5141,619,0,1
5142,619,0,1
14694,619,1,1
14695,619,1,1
14696,619,1,1
14697,619,1,1
14698,619,1,2
14699,619,1,1
14700,619,1,1
14701,619,1,1
19438,619,1,1
19441,619,1,1
19443,619,1,1
19447,619,1,1
19448,619,1,2
19456,619,1,1
19457,619,1,1
20572,619,1,1
20573,619,1,1
20574,619,1,1
20575,619,1,1
20576,619,1,1
20577,619,1,1
20578,619,1,1
20579,619,1,1
20581,619,1,1
20880,619,1,2
20881,619,1,1
20882,619,1,1
20883,619,1,1
20885,619,1,1
20886,619,1,1
20887,619,1,1
20888,619,1,1
20892,619,1,1
20893,619,1,1
20894,619,1,1
20895,619,1,1
23887,619,1,1
23888,619,1,1
23889,619,1,1
23890,619,1,1
23891,619,1,0
23894,619,1,1
29925,620,0,1
29926,620,0,1
29928,620,0,2
29929,620,0,1
29930,620,0,1
29976,620,0,1
29977,620,0,1
29978,620,0,1
29979,620,0,1
30947,620,0,2
30954,620,0,2
30965,620,0,2
30966,620,0,2
30967,620,0,2
30970,620,0,2
34026,620,0,1
34027,620,0,1
34028,620,0,1
34033,620,0,1
34036,620,0,1
34037,620,0,1
34040,620,0,1
34042,620,0,1
34043,620,0,2
41039,620,1,0
41043,620,1,0
41045,620,1,0
41051,620,1,0
41054,620,1,0
41055,620,1,0
41056,620,1,0
41057,620,1,0
41058,620,1,0
42401,621,0,2
42407,621,0,2
42409,621,0,2
42419,621,0,2
42421,621,0,2
42429,621,0,2
42431,621,0,2
44572,621,0,2
44573,621,0,2
44574,621,0,2
44575,621,0,2
44579,621,0,2
44581,621,0,2
44584,621,0,2
44597,621,0,2
44599,621,0,2
44600,621,0,2
49094,621,0,1
49098,621,0,1
49099,621,0,1
49100,621,0,1
49101,621,0,1
49102,621,0,1
49105,621,0,2
49106,621,0,2
49110,621,0,1
49111,621,0,1
65456,622,0,1
65457,622,0,1
65458,622,0,1
65459,622,0,1
65467,622,0,1
65468,622,0,1
65469,622,0,1
65470,622,0,1
65736,622,0,1
65737,622,0,1
65738,622,0,1
65739,622,0,1
65896,622,0,1
79848,622,3,0
79852,622,3,1
79853,622,3,1
79854,622,3,1
82956,623,0,2
82957,623,0,2
82962,623,0,2
85153,623,0,1
85156,623,0,1
85157,623,0,1
85158,623,0,1
91473,623,0,1
91474,623,0,1
91475,623,0,1
97170,624,1,2
97171,624,1,1
97172,624,1,1
97173,624,1,1
97178,624,1,1
97909,624,1,1
97910,624,1,1
97913,624,1,1
97914,624,1,1
97915,624,1,2
97916,624,1,1
97917,624,1,2
97920,624,1,1
97921,624,1,1
97922,624,1,1
97923,624,1,1
97925,624,1,2
99731,624,1,1
99732,624,1,1
99740,624,1,1
99741,624,1,2
99742,624,1,1
99748,624,1,1
99749,624,1,1
100751,624,1,0
100752,624,1,0
100754,624,1,0
100755,624,1,0
100756,624,1,0
100762,624,1,0
100769,624,1,0
100770,624,1,0
100771,624,1,0
100774,624,1,0
100776,624,1,0
100780,624,1,0
101647,624,2,1
101648,624,2,1
101649,624,2,1
101650,624,2,2
101651,624,2,1
104247,624,2,1
104248,624,2,1
104249,624,2,1
106510,624,3,0
106511,624,3,1
106512,624,3,1
106513,624,3,1
109339,624,4,1
109340,624,4,2
109351,624,4,1
109352,624,4,1
109889,624,4,1
109890,624,4,1
109891,624,4,1
110007,624,4,1
110008,624,4,1
110010,624,4,1
110012,624,4,1
110013,624,4,1
119605,625,0,2
119606,625,0,1
119607,625,0,1
119608,625,0,1
119609,625,0,1
119610,625,0,1
119611,625,0,1
119612,625,0,1
119613,625,0,1
119678,625,0,1
119680,625,0,1
119681,625,0,1
119682,625,0,1
119683,625,0,1
119684,625,0,1
119685,625,0,1
119686,625,0,1
119687,625,0,1
119688,625,0,1
119689,625,0,1
122934,625,1,1
122935,625,1,1
122936,625,1,0
122937,625,1,1
122938,625,1,1
122939,625,1,1
127278,625,4,2
127279,625,4,2
127290,625,4,2
127291,625,4,2
131580,625,4,2
131582,625,4,2
131584,625,4,2
131587,625,4,2
131607,625,4,2
132997,625,4,2
132998,625,4,2
133001,625,4,2
133002,625,4,2
133003,625,4,2
133008,625,4,2
133011,625,4,2
133012,625,4,2
133013,625,4,2
133017,625,4,2
133021,625,4,2
133022,625,4,2
133048,625,4,2
133049,625,4,2
133052,625,4,2
133053,625,4,2
133055,625,4,2
133060,625,4,2
133061,625,4,2
133062,625,4,2
133065,625,4,2
133066,625,4,2
136292,625,4,1
136294,625,4,1
136295,625,4,1
149969,628,0,1
149970,628,0,2
149971,628,0,1
151834,628,0,0
151835,628,0,0
151843,628,0,0
151845,628,0,0
151852,628,0,0
151853,628,0,0
151858,628,0,0
151861,628,0,0
151863,628,0,0
151866,628,0,0
160898,628,1,1
160899,628,1,1
160900,628,1,2
160901,628,1,1
168090,629,0,1
168091,629,0,2
168092,629,0,1
168093,629,0,1
168095,629,0,1
168096,629,0,1
168097,629,0,2
168098,629,0,1
168099,629,0,1
168100,629,0,1
168102,629,0,1
168103,629,0,1
168104,629,0,1
168105,629,0,1
168106,629,0,1
168955,629,0,1
168956,629,0,1
170330,629,1,1
170331,629,1,1
170981,629,2,1
170982,629,2,1
170983,629,2,1
173603,629,3,2
173604,629,3,1
173605,629,3,1
173606,629,3,2
173607,629,3,1
173609,629,3,1
173610,629,3,1
173611,629,3,1
173612,629,3,1
173613,629,3,1
174917,631,0,1
174920,631,0,1
174921,631,0,1
174922,631,0,1
186659,632,1,2
186660,632,1,2
186662,632,1,2
186663,632,1,2
186666,632,1,2
186667,632,1,2
186668,632,1,2
189846,632,2,0
189847,632,2,0
189848,632,2,0
189849,632,2,0
189851,632,2,0
189852,632,2,0
189854,632,2,0
189855,632,2,0
192046,633,0,1
192047,633,0,1
192048,633,0,1
192049,633,0,1
192875,633,0,0
192876,633,0,0
192880,633,0,0
192884,633,0,0
192885,633,0,0
192886,633,0,0
192887,633,0,0
192888,633,0,0
196247,633,2,1
196251,633,2,1
196254,633,2,2
201277,634,2,1
201278,634,2,1
201279,634,2,2
201280,634,2,1
201281,634,2,1
201284,634,2,1
201287,634,2,1
201288,634,2,1
201289,634,2,1
201290,634,2,1
201291,634,2,1
201292,634,2,1
207070,634,3,1
210178,634,4,1
210179,634,4,1
211421,634,5,1
211423,634,5,1
211424,634,5,1
211429,634,5,1
211437,634,5,1
211439,634,5,1
211445,634,5,1
211447,634,5,2
213595,634,5,1
213596,634,5,1
214122,634,5,0
214123,634,5,0
214124,634,5,0
214129,634,5,0
214132,634,5,0
214133,634,5,0
214134,634,5,0
214135,634,5,0
214137,634,5,0
214139,634,5,0
214140,634,5,0
214142,634,5,0
214143,634,5,0
214145,634,5,0
214334,634,5,0
214335,634,5,0
214339,634,5,0
214340,634,5,0
214345,634,5,0
214347,634,5,0
214349,634,5,0
214532,635,0,2
214545,635,0,2
214551,635,0,2
214552,635,0,2
214553,635,0,2
220363,635,0,1
220364,635,0,1
220365,635,0,1
220366,635,0,1
220367,635,0,1
230404,637,1,1
230406,637,1,0
230407,637,1,1
233535,637,2,1
233538,637,2,1
233539,637,2,1
237443,638,0,1
237444,638,0,1
237445,638,0,2
237446,638,0,1
241302,638,0,1
244309,638,1,1
244310,638,1,1
244311,638,1,1
244312,638,1,1
245943,638,1,1
245944,638,1,1
245945,638,1,1
245946,638,1,1
245947,638,1,1
245949,638,1,1
245950,638,1,1
246048,638,1,1
246049,638,1,1
246050,638,1,1
247919,641,0,1
247920,641,0,2
247921,641,0,1
247922,641,0,1
252742,641,1,0
252743,641,1,0
252747,641,1,0
252749,641,1,0
252750,641,1,0
252752,641,1,0
252753,641,1,0
252754,641,1,0
252756,641,1,0
252757,641,1,0
252758,641,1,0
252759,641,1,0
252762,641,1,0
252764,641,1,0
253056,641,2,2
253241,641,2,1
253242,641,2,1
253243,641,2,2
253244,641,2,1
253245,641,2,1
253248,641,2,1
253249,641,2,1
254366,641,4,1
254367,641,4,1
254368,641,4,1
259182,643,0,1
259183,643,0,1
259184,643,0,1
259264,643,0,1
259265,643,0,1
259266,643,0,1
260125,643,0,0
260128,643,0,0
260129,643,0,0
260130,643,0,0
260132,643,0,0
260135,643,0,0
260138,643,0,0
263836,643,1,1
263837,643,1,1
263838,643,1,1
263839,643,1,1
263840,643,1,1
263841,643,1,1
268849,644,0,1
268850,644,0,2
268856,644,0,1
268857,644,0,2
268861,644,0,1
268863,644,0,2
273548,644,0,1
273549,644,0,1
273562,644,0,1
273563,644,0,1
273573,644,0,1
273574,644,0,1
276850,644,0,0
276865,644,0,0
276869,644,0,0
276871,644,0,0
276887,644,0,0
276892,644,0,0
276914,644,0,0
276918,644,0,0
276922,644,0,0
276923,644,0,0
288031,645,2,0
288032,645,2,1
288033,645,2,1
299817,647,0,0
299818,647,0,0
299820,647,0,0
299823,647,0,0
299824,647,0,0
299825,647,0,0
299890,647,1,1
299891,647,1,2
299892,647,1,1
300543,647,2,1
300544,647,2,1
300545,647,2,1
300546,647,2,1
300547,647,2,1
300548,647,2,1
300549,647,2,1
300550,647,2,1
300551,647,2,2
302398,647,2,1
302399,647,2,1
302400,647,2,1
302402,647,2,1
302403,647,2,1
309306,647,4,1
309426,647,4,1
309427,647,4,1
309428,647,4,1
310051,648,0,1
310052,648,0,1
310053,648,0,1
310054,648,0,2
350213,648,3,2
350247,648,3,2
350263,648,3,2
360636,650,1,1
360637,650,1,1
360638,650,1,1
364330,650,2,1
364744,650,2,1
364745,650,2,2
364746,650,2,1
364747,650,2,1
400473,656,0,1
400474,656,0,2
400483,656,0,1
400484,656,0,1
400485,656,0,1
400486,656,0,1
400487,656,0,1
400488,656,0,1
420813,657,0,1
420814,657,0,1
420815,657,0,1
420821,657,0,1
432430,657,1,1
432431,657,1,1
432432,657,1,1
432434,657,1,1
432435,657,1,1
432436,657,1,2
432437,657,1,1
432441,657,1,1
432442,657,1,1
432450,657,1,1
432451,657,1,1
443760,657,2,1
443761,657,2,1
443762,657,2,2
443763,657,2,1
443764,657,2,1
443766,657,2,1
443767,657,2,1
443768,657,2,1
444416,658,0,1
444417,658,0,0
444418,658,0,1
444419,658,0,1
444420,658,0,1
444424,658,0,1
444425,658,0,1
444822,658,0,1
444823,658,0,1
445763,658,0,0
445764,658,0,0
445766,658,0,0
445768,658,0,0
445769,658,0,0
445772,658,0,0
445773,658,0,0
445774,658,0,0
445775,658,0,0
468469,658,4,2
468472,658,4,1
468473,658,4,2
468474,658,4,1
468475,658,4,1
468476,658,4,1
469337,658,4,2
469340,658,4,2
469347,658,4,2
469351,658,4,2
469355,658,4,2
475222,658,5,1
475223,658,5,1
475224,658,5,1
475225,658,5,2
475226,658,5,1
475227,658,5,1
475228,658,5,1
475229,658,5,1
475231,658,5,1
475232,658,5,1
476029,658,5,1
476165,658,5,1
476166,658,5,2
476167,658,5,1
476169,658,5,1
477544,661,0,1
477545,661,0,1
477547,661,0,1
477548,661,0,1
477549,661,0,1
477550,661,0,1
477553,661,0,2
477554,661,0,1
477555,661,0,1
477556,661,0,1
479634,661,0,1
479635,661,0,1
479639,661,0,0
479640,661,0,1
479641,661,0,0
479644,661,0,1
479645,661,0,1
479646,661,0,1
479647,661,0,1
479648,661,0,1
479650,661,0,1
487287,661,4,1
487290,661,4,1
487291,661,4,1
487292,661,4,1
487294,661,4,1
487295,661,4,1
487296,661,4,0
488766,662,1,1
488767,662,1,1
488768,662,1,2
488769,662,1,1
488770,662,1,1
488776,662,1,1
488777,662,1,1
488778,662,1,2
489205,662,1,1
489206,662,1,1
489207,662,1,1
489208,662,1,1
489209,662,1,2
489210,662,1,2
489211,662,1,1
489212,662,1,2
489213,662,1,1
489491,662,1,0
489492,662,1,1
489493,662,1,1
489494,662,1,1
489963,662,2,2
489964,662,2,2
489969,662,2,2
489970,662,2,2
489971,662,2,2
494719,663,0,2
494721,663,0,1
497661,663,1,1
549160,669,0,1
554319,669,3,2
560112,669,3,0
560113,669,3,1
560115,669,3,1
560116,669,3,1
560117,669,3,0
560118,669,3,1
560122,669,3,2
560123,669,3,1
569738,671,0,1
579471,672,0,2
579472,672,0,1
579473,672,0,1
581425,672,1,1
581426,672,1,1
581427,672,1,1
581428,672,1,1
581983,672,1,1
581984,672,1,1
581985,672,1,1
581986,672,1,1
581987,672,1,1
581988,672,1,1
581989,672,1,1
581990,672,1,2
581991,672,1,1
583100,672,2,2
583101,672,2,2
583102,672,2,2
583378,672,2,1
583379,672,2,1
583380,672,2,1
583381,672,2,1
583382,672,2,2
588503,673,0,1
588504,673,0,1
588505,673,0,1
588506,673,0,1
589565,673,0,1
589566,673,0,2
589567,673,0,1
589568,673,0,2
589569,673,0,1
589570,673,0,1
589572,673,0,1
589573,673,0,2
589574,673,0,1
589588,673,0,1
589589,673,0,1
601613,674,1,1
605743,674,3,2
605744,674,3,1
616397,675,1,1
616398,675,1,1
638160,677,1,1
638161,677,1,1
638162,677,1,1
638163,677,1,1
638164,677,1,2
638165,677,1,1
638166,677,1,1
638167,677,1,1
638168,677,1,1
638169,677,1,1
638170,677,1,1
638171,677,1,1
638175,677,1,1
638176,677,1,1
639723,677,1,0
639725,677,1,0
639726,677,1,0
639730,677,1,0
639732,677,1,0
639733,677,1,0
639734,677,1,0
639735,677,1,0
639739,677,1,0
639848,677,1,0
639849,677,1,0
639851,677,1,0
639854,677,1,0
639855,677,1,0
650719,678,3,1
650720,678,3,1
650721,678,3,0
663295,679,0,1
670006,679,2,1
670007,679,2,1
670530,679,2,2
670531,679,2,2
670532,679,2,2
670533,679,2,2
670534,679,2,2
670588,679,2,1
670589,679,2,2
670590,679,2,1
670591,679,2,2
670592,679,2,2
670593,679,2,1
670594,679,2,1
670595,679,2,2
670601,679,2,1
670602,679,2,1
675747,680,1,2
675748,680,1,2
675756,680,1,2
675757,680,1,2
675767,680,1,2
675768,680,1,2
675769,680,1,2
675772,680,1,2
675773,680,1,2
677215,680,1,1
677216,680,1,1
677217,680,1,1
677221,680,1,1
677223,680,1,1
677224,680,1,1
680015,680,1,1
680016,680,1,1
681142,680,1,0
681148,680,1,0
681149,680,1,0
681156,680,1,0
681159,680,1,0
681160,680,1,0
681161,680,1,0
681162,680,1,0
681164,680,1,0
681165,680,1,0
681174,680,1,0
681176,680,1,0
681181,680,1,0
682293,680,2,2
682309,680,2,2
682310,680,2,2
684531,680,2,1
684532,680,2,1
684533,680,2,1
684534,680,2,2
684535,680,2,1
684536,680,2,1
684537,680,2,1
684539,680,2,2
684542,680,2,1
684545,680,2,1
684546,680,2,1
684547,680,2,2
686086,680,2,1
686087,680,2,1
687086,680,2,1
687094,680,2,1
687095,680,2,1
687097,680,2,1
687098,680,2,1
687099,680,2,1
687100,680,2,1
687102,680,2,1
687109,680,2,1
687113,680,2,1
687114,680,2,1
702929,681,1,1
702930,681,1,1
718219,683,0,1
718220,683,0,1
718221,683,0,1
718222,683,0,1
718734,683,1,1
718735,683,1,1
718736,683,1,2
718737,683,1,1
718738,683,1,1
718739,683,1,1
718740,683,1,1
724429,683,2,1
724430,683,2,1
724431,683,2,1
724433,683,2,1
724434,683,2,1
724435,683,2,1
724436,683,2,1
724437,683,2,1
724441,683,2,1
724442,683,2,1
725791,683,3,1
725792,683,3,1
725793,683,3,1
725794,683,3,2
725795,683,3,1
725796,683,3,1
725797,683,3,1
725798,683,3,1
725799,683,3,2
725882,683,3,1
725884,683,3,1
725886,683,3,1
725890,683,3,1
725892,683,3,1
725893,683,3,1
725896,683,3,1
725897,683,3,1
726834,683,3,0
726835,683,3,1
726836,683,3,1
729197,683,4,1
729198,683,4,1
729199,683,4,2
729200,683,4,1
729202,683,4,1
729203,683,4,1
729204,683,4,1
729205,683,4,1
729208,683,4,1
729212,683,4,2
731797,683,4,1
731798,683,4,1
731799,683,4,2
731800,683,4,1
731805,683,4,1
731806,683,4,1
731807,683,4,1
731808,683,4,1
731809,683,4,1
731811,683,4,2
731812,683,4,1
731813,683,4,1
731817,683,4,2
731818,683,4,1
737146,684,1,0
737147,684,1,0
737148,684,1,0
737150,684,1,0
737151,684,1,0
737152,684,1,0
737153,684,1,0
737154,684,1,0
737155,684,1,0
737156,684,1,0
738739,684,2,1
738740,684,2,1
738742,684,2,1
738845,684,2,0
738846,684,2,1
738847,684,2,0
741019,684,3,1
741020,684,3,1
741021,684,3,1
741969,684,4,0
741971,684,4,0
741973,684,4,0
741974,684,4,0
741976,684,4,0
741977,684,4,0
741978,684,4,0
741981,684,4,0
741984,684,4,0
768192,686,1,0
768193,686,1,0
768195,686,1,0
768199,686,1,0
768200,686,1,0
768204,686,1,0
768242,686,1,0
768247,686,1,0
771351,687,0,0
771353,687,0,0
771354,687,0,0
771356,687,0,0
771357,687,0,0
771358,687,0,0
771359,687,0,0
771360,687,0,0
771363,687,0,0
771364,687,0,0
771366,687,0,0
775487,687,1,1
775488,687,1,1
775489,687,1,1
775490,687,1,1
775491,687,1,1
775492,687,1,1
775493,687,1,1
775494,687,1,2
775495,687,1,1
775496,687,1,1
775497,687,1,1
776812,687,1,1
776813,687,1,1
776814,687,1,2
776816,687,1,1
776817,687,1,1
776818,687,1,1
776819,687,1,1
776820,687,1,2
776821,687,1,1
776825,687,1,2
776826,687,1,1
777753,687,1,0
778089,687,1,0
778090,687,1,1
782621,687,2,1
788865,688,0,1
788866,688,0,1
788867,688,0,2
788868,688,0,0
794212,688,1,1
794213,688,1,1
794217,688,1,1
794608,688,1,1
794609,688,1,1
794610,688,1,2
794611,688,1,1
797067,688,1,1
797068,688,1,1
797069,688,1,1
797070,688,1,1
804727,688,3,2
804729,688,3,2
804730,688,3,2
805621,688,3,1
805622,688,3,2
805623,688,3,2
805624,688,3,1
810914,690,0,1
810917,690,0,2
810918,690,0,2
810919,690,0,2
810920,690,0,2
810921,690,0,2
810923,690,0,1
810926,690,0,2
810928,690,0,1
810929,690,0,1
810930,690,0,1
810933,690,0,2
810934,690,0,2
810935,690,0,2
812548,690,1,2
812549,690,1,2
813976,690,2,2
813977,690,2,1
813978,690,2,1
813979,690,2,1
813980,690,2,1
813982,690,2,1
814336,690,2,1
814337,690,2,1
814338,690,2,1
814339,690,2,1
814340,690,2,1
814341,690,2,1
816422,690,2,1
816423,690,2,1
831097,691,1,1
831099,691,1,1
831101,691,1,1
831110,691,1,1
831111,691,1,1
831153,691,1,1
831154,691,1,1
834060,692,0,1
834061,692,0,1
834062,692,0,2
834063,692,0,1
834064,692,0,1
834425,692,0,1
834426,692,0,1
834427,692,0,2
834428,692,0,1
836893,692,1,2
836894,692,1,2
836895,692,1,2
836902,692,1,2
845697,692,3,1
853296,692,5,1
853297,692,5,2
853298,692,5,2
853299,692,5,1
853302,692,5,2
853303,692,5,1
855952,692,5,1
855953,692,5,1
855954,692,5,1
858579,693,0,1
858580,693,0,2
858581,693,0,1
858582,693,0,1
858583,693,0,1
858584,693,0,1
858586,693,0,1
861775,693,1,1
861776,693,1,1
861777,693,1,1
861778,693,1,1
861779,693,1,1
861780,693,1,1
861781,693,1,1
861782,693,1,1
861783,693,1,1
862162,693,1,1
862163,693,1,1
862164,693,1,1
862165,693,1,2
862166,693,1,1
862167,693,1,1
862168,693,1,1
862169,693,1,1
862170,693,1,2
862171,693,1,1
881172,693,5,2
881173,693,5,1
884933,694,0,2
884934,694,0,1
884935,694,0,1
884936,694,0,1
884938,694,0,1
884939,694,0,1
884940,694,0,1
884944,694,0,1
885069,694,0,1
885073,694,0,1
885074,694,0,1
903462,697,0,1
903463,697,0,1
903464,697,0,1
903467,697,0,1
903468,697,0,1
903470,697,0,1
903471,697,0,1
903472,697,0,1
903473,697,0,1
903474,697,0,1
906467,697,0,1
906469,697,0,0
906470,697,0,2
906472,697,0,1
909070,697,1,2
909071,697,1,1
909072,697,1,1
909073,697,1,1
909074,697,1,1
917526,697,2,1
917527,697,2,1
917528,697,2,1
917529,697,2,1
917530,697,2,1
917532,697,2,1
917533,697,2,1
917534,697,2,1
917535,697,2,1
921822,699,0,2
921823,699,0,2
923667,699,0,1
923668,699,0,1
923669,699,0,2
923670,699,0,1
923671,699,0,1
924152,699,0,1
924153,699,0,2
924154,699,0,1
924155,699,0,1
924156,699,0,1
924163,699,0,2
924182,699,0,1
934745,699,2,1
934746,699,2,1
934747,699,2,2
934840,699,2,2
934841,699,2,1
934842,699,2,1
934843,699,2,1
934848,699,2,1
948066,700,1,1
948067,700,1,1
948070,700,1,1
948071,700,1,1
965374,702,1,0
965376,702,1,0
965382,702,1,0
965390,702,1,0
965395,702,1,0
965398,702,1,0
965399,702,1,0
973674,703,1,1
975381,703,1,1
975382,703,1,1
975383,703,1,1
975897,703,2,1
975898,703,2,1
975899,703,2,2
975900,703,2,2
975901,703,2,1
975902,703,2,1
978194,705,0,1
978195,705,0,1
978196,705,0,1
978197,705,0,1
978198,705,0,1
978255,705,0,2
978256,705,0,2
978263,705,0,2
978265,705,0,2
978267,705,0,2
978268,705,0,2
978272,705,0,2
980180,705,1,1
980181,705,1,1
980182,705,1,1
981603,705,1,0
981604,705,1,1
981605,705,1,1
981606,705,1,1
982993,705,2,1
983155,705,2,1
983156,705,2,1
983157,705,2,1
983158,705,2,2
986382,705,3,2
986383,705,3,2
986387,705,3,2
986388,705,3,2
986391,705,3,2
986394,705,3,2
992698,706,0,1
992699,706,0,1
992700,706,0,1
999096,706,1,2
999097,706,1,1
999098,706,1,1
999100,706,1,1
999102,706,1,1
999105,706,1,2
999106,706,1,1
999107,706,1,1
999108,706,1,1
999109,706,1,1
1013875,707,0,1
1013876,707,0,1
1013877,707,0,1
1013878,707,0,1
1013879,707,0,1
1013880,707,0,2
1013897,707,0,1
1013898,707,0,1
1013900,707,0,1
1013901,707,0,1
1015851,707,0,0
1015853,707,0,0
1015854,707,0,0
1015855,707,0,0
1018675,708,1,1
1018676,708,1,2
1018677,708,1,1
1018678,708,1,1
1018679,708,1,1
1018681,708,1,2
1018682,708,1,1
1018683,708,1,1
1018684,708,1,1
1018686,708,1,1
1018693,708,1,1
1018694,708,1,1
1021050,709,0,1
1021051,709,0,1
1021052,709,0,1
1025394,711,0,1
1025395,711,0,1
1025397,711,0,1
1025400,711,0,1
1025401,711,0,1
1025402,711,0,1
1025403,711,0,1
1025489,711,0,1
1025490,711,0,1
1025491,711,0,1
1025492,711,0,1
1025493,711,0,1
1025494,711,0,1
1025495,711,0,1
1025496,711,0,1
1025497,711,0,1
1025505,711,0,1
1025506,711,0,1
1030745,711,1,1
1035125,711,1,0
1035126,711,1,1
1035127,711,1,0
1036280,711,1,0
1036283,711,1,0
1051272,714,0,1
1051273,714,0,1
1051275,714,0,2
1051276,714,0,1
1051289,714,0,1
1051597,714,0,1
1051599,714,0,1
1051600,714,0,1
1051601,714,0,1
1051603,714,0,2
1054223,714,0,1
1054224,714,0,1
1054225,714,0,1
1054226,714,0,1
1054227,714,0,1
1054228,714,0,1
1054229,714,0,2
1054230,714,0,1
1054231,714,0,1
1054238,714,0,1
1054239,714,0,1
1054242,714,0,1
1054243,714,0,1
1054245,714,0,1
1054246,714,0,1
1065401,716,0,2
1065403,716,0,2
1065404,716,0,2
1065405,716,0,2
1065406,716,0,2
1065407,716,0,2
1065411,716,0,2
1066923,716,0,2
1066924,716,0,1
1066925,716,0,2
1066926,716,0,1
1066927,716,0,1
1066933,716,0,1
1066934,716,0,1
1071470,716,2,2
1071472,716,2,2
1071474,716,2,2
1078132,716,4,1
1081834,718,1,1
1081835,718,1,1
1081836,718,1,2
1081846,718,1,1
1081847,718,1,1
1088120,718,1,1
1088131,718,1,1
1088133,718,1,1
1088134,718,1,1
1088135,718,1,1
1088136,718,1,1
1088137,718,1,1
1088138,718,1,1
1088139,718,1,1
1088140,718,1,1
1088141,718,1,2
1088142,718,1,1
1088144,718,1,2
1088146,718,1,1
1088147,718,1,1
1088169,718,1,1
1088170,718,1,1
1088178,718,1,2
1088179,718,1,2
1097728,719,0,1
1097729,719,0,2
1097731,719,0,1
1100042,719,3,1
1100043,719,3,1
1104296,720,0,2
1104298,720,0,2
1104299,720,0,2
1104302,720,0,2
1107619,720,0,1
1107620,720,0,1
1107621,720,0,1
1109901,720,0,1
1109902,720,0,1
1109903,720,0,2
1109904,720,0,1
1109905,720,0,1
1109906,720,0,1
1109907,720,0,1
1109908,720,0,1
1109921,720,0,1
1109922,720,0,1
1112838,720,1,1
1112839,720,1,2
1112840,720,1,2
1112841,720,1,1
1115539,720,1,1
1115540,720,1,1
1115541,720,1,1
1126342,724,0,1
1126343,724,0,1
1126344,724,0,0
1130511,724,1,1
1130512,724,1,1
1130513,724,1,1
1132638,725,0,1
1132640,725,0,1
1132641,725,0,1
1132652,725,0,1
1132653,725,0,1
1132676,725,0,1
1132677,725,0,1
1135919,725,1,1
1135921,725,1,2
1144242,725,1,2
1144243,725,1,1
1144244,725,1,1
1144245,725,1,2
1145966,726,0,1
1145968,726,0,1
1145969,726,0,1
1145970,726,0,1
1145971,726,0,1
1145972,726,0,1
1145973,726,0,1
1145975,726,0,1
1145976,726,0,1
1145977,726,0,1
1145979,726,0,1
1145980,726,0,1
1145981,726,0,1
1157435,726,2,2
1157436,726,2,2
1157437,726,2,2
1158032,726,2,1
1158033,726,2,1
1158034,726,2,1
1158035,726,2,1
1158036,726,2,1
1158037,726,2,1
1159086,726,2,1
1159087,726,2,1
1162688,726,3,1
1162690,726,3,1
1165048,726,4,2
1173439,727,1,1
1173440,727,1,1
1173441,727,1,1
1173443,727,1,1
1173444,727,1,1
1173476,727,1,1
1173477,727,1,1
1174433,727,1,0
1174435,727,1,0
1174436,727,1,0
1174439,727,1,0
1174441,727,1,0
1174442,727,1,0
1174443,727,1,0
1174445,727,1,0
1174446,727,1,0
1180950,729,5,1
1180951,729,5,0
1180952,729,5,1
1184190,729,6,2
1184191,729,6,2
1184192,729,6,1
1184193,729,6,2
1184194,729,6,1
1184195,729,6,1
1184196,729,6,1
1184197,729,6,1
1184198,729,6,1
1184199,729,6,1
1184200,729,6,1
1184208,729,6,1
1184209,729,6,1
1184215,729,6,1
1184216,729,6,1
1185883,729,6,0
1185886,729,6,0
1185888,729,6,0
1185889,729,6,0
1185890,729,6,0
1185891,729,6,0
1188597,729,8,1
1188598,729,8,1
1193273,731,0,1
1193274,731,0,1
1193275,731,0,1
1193277,731,0,1
1193278,731,0,1
1193279,731,0,1
1193280,731,0,2
1193281,731,0,1
1193282,731,0,1
1193283,731,0,1
1193289,731,0,1
1193290,731,0,1
1196448,731,1,1
1196449,731,1,0
1196450,731,1,1
1196452,731,1,1
1196453,731,1,1
1196685,731,1,1
1196686,731,1,1
1206698,731,3,1
1206699,731,3,1
1206700,731,3,1
1206701,731,3,1
1206702,731,3,1
1206710,731,3,1
1206711,731,3,1
1209114,731,3,1
1209115,731,3,1
1209116,731,3,1
1209118,731,3,1
1209119,731,3,1
1209120,731,3,1
1209121,731,3,1
1209146,731,3,0
1209147,731,3,1
1215058,734,1,0
1215062,734,1,0
1215068,734,1,0
1215070,734,1,0
1215077,734,1,0
1215078,734,1,0
1215086,734,1,0
1215095,734,1,0
1215096,734,1,0
1215098,734,1,0
1215099,734,1,0
1215100,734,1,0
1216612,734,2,1
1216613,734,2,1
1231504,736,0,2
1231506,736,0,2
1231507,736,0,2
1231508,736,0,2
1231972,736,0,2
1234289,736,0,2
1234290,736,0,1
1234291,736,0,1
1234292,736,0,1
1234293,736,0,1
1234294,736,0,1
1234295,736,0,1
1235008,736,0,0
1235009,736,0,0
1235012,736,0,0
1235014,736,0,0
1235015,736,0,0
1235020,736,0,0
1235643,736,1,1
1235644,736,1,1
1235645,736,1,1
1235646,736,1,1
1235647,736,1,2
1235648,736,1,2
1235650,736,1,1
1235651,736,1,1
1235652,736,1,2
1235653,736,1,1
1235654,736,1,1
1237801,736,2,1
1237802,736,2,1
1237803,736,2,1
1263130,739,0,1
1263131,739,0,1
1263132,739,0,1
1263133,739,0,1
1277682,740,1,0
1277683,740,1,0
1277684,740,1,0
1277692,740,1,0
1277702,740,1,0
1277703,740,1,0
1306451,742,2,0
1306455,742,2,0
1308155,744,3,1
1308156,744,3,1
1308157,744,3,1
1308158,744,3,1
1308159,744,3,1
1308162,744,3,1
1308485,744,3,0
1308488,744,3,0
1308489,744,3,0
1308497,744,3,0
1308502,744,3,0
1308503,744,3,0
1308504,744,3,0
1308513,744,3,0
1308517,744,3,0
1308518,744,3,0
1308519,744,3,0
1308521,744,3,0
1308525,744,3,0
1308529,744,3,0
1308530,744,3,0
1308531,744,3,0
1312988,745,1,1
1312989,745,1,2
1312990,745,1,1
1316722,745,1,2
1316723,745,1,2
1316724,745,1,2
1316725,745,1,2
1316726,745,1,2
1316727,745,1,2
1316728,745,1,2
1316744,745,1,2
1316745,745,1,2
1323839,746,0,1
1323840,746,0,1
1323841,746,0,2
1323842,746,0,1
1323843,746,0,1
1323873,746,0,1
1323874,746,0,2
1323875,746,0,1
1323876,746,0,1
1323877,746,0,1
1326259,746,1,2
1335067,746,1,1
1335069,746,1,1
1335074,746,1,1
1335075,746,1,1
1335076,746,1,1
1335077,746,1,1
1342296,747,3,1
1342297,747,3,1
1342298,747,3,1
1342299,747,3,1
1343378,747,3,0
1343380,747,3,1
1343381,747,3,1
1343382,747,3,1
1343877,747,3,0
1343879,747,3,0
1343880,747,3,0
1343885,747,3,0
1343886,747,3,0
1343888,747,3,0
1343889,747,3,0
1343898,747,3,0
1343900,747,3,0
1343901,747,3,0
1343902,747,3,0
1351549,747,4,1
1351551,747,4,1
1351552,747,4,2
1353849,747,4,2
1353851,747,4,1
1353857,747,4,1
1353858,747,4,1
1353859,747,4,1
1353860,747,4,2
1353862,747,4,1
1364892,748,1,2
1364893,748,1,1
1364894,748,1,2
1364895,748,1,1
1364896,748,1,1
1368655,748,1,1
1368656,748,1,1
1368657,748,1,2
1368663,748,1,1
1368664,748,1,1
1368666,748,1,1
1368669,748,1,1
1368670,748,1,1
1368672,748,1,1
1371968,748,1,0
1371969,748,1,0
1371970,748,1,0
1371972,748,1,0
1371974,748,1,0
1371975,748,1,0
1371977,748,1,0
1371982,748,1,0
1373298,751,0,1
1373299,751,0,1
1373300,751,0,1
1375971,751,1,1
1375972,751,1,1
1375973,751,1,1
1375974,751,1,2
1375975,751,1,1
1375976,751,1,1
1377379,751,1,1
1377380,751,1,1
1378104,751,2,1
1378106,751,2,1
1378107,751,2,1
1378108,751,2,1
1378109,751,2,1
1380018,751,2,1
1380019,751,2,1
1380021,751,2,2
1380022,751,2,1
1380024,751,2,1
1380025,751,2,1
1380026,751,2,1
1380027,751,2,1
1396597,752,3,1
1396598,752,3,2
1396599,752,3,2
1396600,752,3,2
1396601,752,3,2
1396603,752,3,1
1400703,752,3,2
1400708,752,3,2
1400723,752,3,2
1400731,752,3,2
1400740,752,3,2
1400741,752,3,2
1400776,752,3,2
1400777,752,3,2
1409703,752,4,1
1409704,752,4,1
1409705,752,4,1
1409706,752,4,0
1409711,752,4,1
1409712,752,4,1
1419986,753,0,1
1419987,753,0,1
1419988,753,0,1
1419989,753,0,1
1434407,754,3,1
1434408,754,3,1
1434409,754,3,0
1434410,754,3,1
1434411,754,3,1
1442565,758,0,1
1442566,758,0,1
1442568,758,0,1
1442569,758,0,1
1442570,758,0,1
1442571,758,0,2
1442572,758,0,2
1442574,758,0,1
1442575,758,0,1
1442577,758,0,2
1442578,758,0,2
1442580,758,0,1
1442581,758,0,1
1442582,758,0,1
1442986,758,0,2
1442987,758,0,1
1442988,758,0,1
1442991,758,0,1
1442992,758,0,1
1442993,758,0,2
1442994,758,0,1
1443017,758,0,2
1443018,758,0,1
1443019,758,0,1
1443020,758,0,1
1443022,758,0,1
1443023,758,0,1
1443024,758,0,2
1443025,758,0,1
1451478,759,0,1
1451484,759,0,1
1451485,759,0,1
1452127,759,0,1
1452128,759,0,1
1452129,759,0,1
1452130,759,0,0
1452131,759,0,1
1452132,759,0,1
1452135,759,0,1
1452136,759,0,1
1452137,759,0,1
1452138,759,0,1
1452139,759,0,1
1457774,759,1,0
1457775,759,1,1
1457776,759,1,1
1457777,759,1,1
1457778,759,1,1
1457780,759,1,1
1457781,759,1,1
1457782,759,1,1
1457784,759,1,1
1457785,759,1,1
1457788,759,1,1
1457790,759,1,1
1458497,759,1,0
1458498,759,1,0
1458499,759,1,0
1458504,759,1,0
1458505,759,1,0
1458510,759,1,0
1458511,759,1,0
1458512,759,1,0
1458523,759,1,0
1458525,759,1,0
1460759,759,2,2
1460761,759,2,2
1460762,759,2,2
1460772,759,2,2
1466599,759,4,0
1466600,759,4,1
1466601,759,4,1
1466602,759,4,0
1466603,759,4,1
1466604,759,4,1
1466605,759,4,1
1466612,759,4,1
1466613,759,4,1
1466614,759,4,0
1466615,759,4,2
1468020,759,5,1
1468021,759,5,1
1468025,759,5,1
1475191,760,0,1
1475192,760,0,1
1475193,760,0,1
1475194,760,0,1
1475195,760,0,1
1475196,760,0,1
1475197,760,0,2
1475198,760,0,1
1475199,760,0,1
1477983,760,1,1
1477985,760,1,1
1477986,760,1,1
1477987,760,1,1
1479947,760,1,1
1479948,760,1,1
1479949,760,1,1
1483950,760,3,1
1483951,760,3,1
1483952,760,3,1
1483953,760,3,1
1483954,760,3,1
1485056,760,3,1
1485059,760,3,1
1485060,760,3,1
1485061,760,3,2
1485709,760,3,1
1485710,760,3,2
1485713,760,3,0
1485715,760,3,1
1495624,761,1,2
1495625,761,1,2
1495628,761,1,2
1495629,761,1,2
1495636,761,1,2
1495643,761,1,2
1496650,761,1,1
1496651,761,1,1
1496653,761,1,1
1496654,761,1,1
1496655,761,1,1
1496663,761,1,1
1496664,761,1,1
1500813,761,1,1
1500814,761,1,1
1500815,761,1,1
1500816,761,1,1
1509106,761,2,1
1509110,761,2,1
1509111,761,2,1
1513397,762,0,1
1513399,762,0,1
1513400,762,0,1
1513401,762,0,1
1519683,763,0,1
1532753,764,0,1
1532754,764,0,1
1532756,764,0,2
1532758,764,0,2
1532853,764,0,2
1532855,764,0,2
1532866,764,0,2
1532873,764,0,2
1532882,764,0,2
1536219,764,0,0
1536220,764,0,0
1536226,764,0,0
1536227,764,0,0
1536235,764,0,0
1536244,764,0,0
1536245,764,0,0
1538315,764,1,1
1538883,764,1,0
1538884,764,1,0
1538888,764,1,0
1538889,764,1,0
1538890,764,1,0
1538891,764,1,0
1539181,764,2,2
1539182,764,2,2
1539183,764,2,2
1539186,764,2,1
1539187,764,2,1
1539188,764,2,1
1539189,764,2,1
1539190,764,2,2
1539191,764,2,1
1539192,764,2,1
1539193,764,2,1
1539194,764,2,1
1539204,764,2,1
1539205,764,2,1
1539206,764,2,1
1539207,764,2,1
1539208,764,2,1
1539209,764,2,1
1539210,764,2,1
1539211,764,2,2
1539212,764,2,1
1539213,764,2,1
1539214,764,2,1
1539215,764,2,1
1539216,764,2,1
1539218,764,2,1
1539219,764,2,1
1539220,764,2,1
1539221,764,2,1
1539222,764,2,1
1539223,764,2,1
1539224,764,2,1
1539225,764,2,1
1539426,765,0,2
1539427,765,0,1
1539428,765,0,1
1539429,765,0,1
1539430,765,0,1
1539431,765,0,1
1539433,765,0,1
1539434,765,0,1
1539435,765,0,1
1539436,765,0,1
1539437,765,0,1
1539438,765,0,2
1573569,767,0,0
1573607,767,0,0
1573608,767,0,0
1573615,767,0,0
1573616,767,0,0
1573620,767,0,0
1573626,767,0,0
1573632,767,0,0
1573633,767,0,0
1573653,767,0,0
1580401,768,0,1
1580402,768,0,1
1580403,768,0,1
1580404,768,0,1
1581544,768,0,1
1581546,768,0,1
1581548,768,0,1
1581549,768,0,1
1581550,768,0,1
1581551,768,0,1
1581552,768,0,1
1581553,768,0,1
1581554,768,0,1
1581555,768,0,1
1584430,768,0,1
1584431,768,0,1
1584432,768,0,1
1584444,768,0,1
1584445,768,0,1
1584450,768,0,2
1586288,768,1,0
1586292,768,1,0
1586297,768,1,0
1586298,768,1,0
1586299,768,1,0
1586305,768,1,0
1586306,768,1,0
1586307,768,1,0
1586310,768,1,0
1597228,771,0,1
1606129,771,2,1
1606130,771,2,1
1606131,771,2,1
1613247,771,4,2
1617240,773,0,0
1617241,773,0,0
1617242,773,0,0
1617243,773,0,0
1617246,773,0,0
1617263,773,0,0
1617265,773,0,0
1617266,773,0,0
1617271,773,0,0
1617274,773,0,0
1617276,773,0,0
1617281,773,0,0
1617282,773,0,0
1617283,773,0,0
1617293,773,0,0
1622835,773,1,1
1622837,773,1,1
1622838,773,1,1
1622839,773,1,1
1622840,773,1,1
1622842,773,1,1
1622843,773,1,1
1622845,773,1,1
1622846,773,1,1
1624165,773,1,1
1624166,773,1,1
1624167,773,1,1
1624168,773,1,2
1627871,773,3,1
1627872,773,3,1
1627874,773,3,2
1627875,773,3,1
1627876,773,3,1
1627877,773,3,1
1627878,773,3,1
1627880,773,3,1
1627881,773,3,1
1627882,773,3,1
1627883,773,3,1
1627887,773,3,1
1627888,773,3,1
1629685,773,3,2
1629686,773,3,1
1629687,773,3,2
1635760,775,1,1
1635762,775,1,1
1635763,775,1,1
1635764,775,1,1
1640069,775,1,1
1640070,775,1,1
1640071,775,1,1
1640072,775,1,2
1640073,775,1,1
1640075,775,1,1
1646885,776,0,2
1646898,776,0,2
1646899,776,0,2
1646904,776,0,2
1646905,776,0,2
1646906,776,0,2
1648499,776,0,1
1648500,776,0,2
1648501,776,0,1
1648505,776,0,1
1648506,776,0,2
1648519,776,0,2
1648521,776,0,1
1648522,776,0,1
1648523,776,0,1
1648524,776,0,1
1648526,776,0,2
1648527,776,0,2
1648528,776,0,2
1648531,776,0,2
1648532,776,0,2
1648535,776,0,1
1648536,776,0,1
1648537,776,0,1
1648544,776,0,1
1655022,776,0,1
1655023,776,0,1
1657162,777,0,1
1657163,777,0,1
1657164,777,0,1
1657165,777,0,1
1657320,777,0,1
1657321,777,0,1
1657322,777,0,2
1657323,777,0,2
1657324,777,0,2
1657325,777,0,1
1657326,777,0,1
1657330,777,0,1
1657331,777,0,2
1657431,777,0,1
1658141,777,0,2
1658142,777,0,1
1658143,777,0,2
1658144,777,0,2
1658145,777,0,1
1658147,777,0,1
1658148,777,0,1
1661533,777,1,1
1661534,777,1,1
1661535,777,1,1
1661536,777,1,1
1661544,777,1,1
1661545,777,1,1
1661546,777,1,1
1661547,777,1,1
1672697,777,2,0
1672698,777,2,0
1672709,777,2,0
1672714,777,2,0
1672715,777,2,0
1672719,777,2,0
1672728,777,2,0
1691035,777,5,2
1691036,777,5,2
1691037,777,5,2
1691038,777,5,2
1691039,777,5,2
1691041,777,5,2
1695073,777,5,2
1695078,777,5,2
1695079,777,5,2
1695080,777,5,1
1695081,777,5,1
1695082,777,5,1
1696375,779,0,1
1696376,779,0,1
1698397,779,1,1
1698398,779,1,1
1698399,779,1,1
1698400,779,1,0
1703936,779,2,1
1703937,779,2,1
1703938,779,2,1
1703939,779,2,1
1703940,779,2,1
1703941,779,2,1
1703942,779,2,1
1703943,779,2,1
1703945,779,2,1
1703946,779,2,1
1707475,780,0,0
1707476,780,0,0
1707478,780,0,0
1707482,780,0,0
1707485,780,0,0
1707486,780,0,0
1707489,780,0,0
1707491,780,0,0
1707492,780,0,0
1707493,780,0,0
1707497,780,0,0
1707499,780,0,0
1707501,780,0,0
1707504,780,0,0
1707505,780,0,0
1707611,780,0,0
1707612,780,0,0
1707616,780,0,0
1707617,780,0,0
1707618,780,0,0
1707619,780,0,0
1707622,780,0,0
1707624,780,0,0
1707625,780,0,0
1707627,780,0,0
1707628,780,0,0
1707629,780,0,0
1708375,780,1,1
1708377,780,1,1
1708379,780,1,1
1708380,780,1,1
1708381,780,1,1
1711645,780,2,2
1711666,780,2,2
1711671,780,2,2
1711672,780,2,2
1715115,780,2,1
1715116,780,2,1
1715117,780,2,1
1715118,780,2,2
1715119,780,2,1
1715120,780,2,1
1715122,780,2,1
1715123,780,2,1
1715127,780,2,1
1715128,780,2,1
1715129,780,2,1
1715130,780,2,1
1715131,780,2,1
1715132,780,2,1
1715133,780,2,1
1715137,780,2,2
1715139,780,2,2
1718429,780,2,1
1718430,780,2,1
1718431,780,2,1
1721199,780,3,1
1721200,780,3,1
1721201,780,3,1
1721202,780,3,1
1721207,780,3,1
1721208,780,3,1
1721209,780,3,1
1721210,780,3,1
1723155,780,3,1
1723452,780,3,0
1723459,780,3,0
1723460,780,3,0
1723461,780,3,0
1723462,780,3,0
1723466,780,3,0
1723467,780,3,0
1723472,780,3,0
1723474,780,3,0
1724510,781,0,0
1724514,781,0,0
1724521,781,0,0
1724524,781,0,0
1724525,781,0,0
1727088,782,0,1
1727089,782,0,1
1727091,782,0,1
1727092,782,0,2
1727093,782,0,1
1727094,782,0,2
1727097,782,0,1
1727098,782,0,1
1727099,782,0,1
1728934,782,0,1
1728935,782,0,1
1728936,782,0,0
1728941,782,0,1
1728942,782,0,1
1728943,782,0,1
1728944,782,0,1
1728945,782,0,1
1741248,782,3,1
1741249,782,3,2
1741250,782,3,1
1741252,782,3,1
1741255,782,3,1
1741257,782,3,1
1741259,782,3,1
1741260,782,3,2
1753714,783,3,1
1753715,783,3,1
1753716,783,3,1
1753730,783,3,1
1753737,783,3,1
1753738,783,3,1
1753739,783,3,1
1760417,783,3,1
1760418,783,3,1
1760422,783,3,0
1760423,783,3,1
1760424,783,3,1
1760425,783,3,0
1760426,783,3,1
1769072,785,0,0
1769075,785,0,0
1769086,785,0,0
1769095,785,0,0
1769097,785,0,0
1769103,785,0,0
1769109,785,0,0
1769115,785,0,0
1769120,785,0,0
1769121,785,0,0
1769124,785,0,0
1769132,785,0,0
1769135,785,0,0
1769137,785,0,0
1769146,785,0,0
1769151,785,0,0
1776017,786,2,1
1776018,786,2,1
1776019,786,2,2
1776020,786,2,1
1776021,786,2,1
1776022,786,2,1
1776067,786,2,2
1776068,786,2,1
1776069,786,2,2
1776070,786,2,1
1776071,786,2,1
1776072,786,2,1
1776073,786,2,1
1776074,786,2,1
1776075,786,2,1
1776078,786,2,2
1776079,786,2,2
1777563,786,2,1
1777564,786,2,1
1777565,786,2,1
1777566,786,2,1
1787891,787,0,2
1794421,787,0,1
1794422,787,0,2
1794430,787,0,1
1794441,787,0,1
1794455,787,0,2
1794456,787,0,2
1794457,787,0,1
1794468,787,0,1
1794488,787,0,1
1794489,787,0,1
1794490,787,0,1
1794506,787,0,1
1794518,787,0,1
1794519,787,0,1
1794520,787,0,2
1794536,787,0,1
1794537,787,0,1
1794543,787,0,2
1794562,787,0,1
1794569,787,0,1
1797593,787,0,2
1797594,787,0,2
1797596,787,0,2
1797603,787,0,2
1813271,787,1,1
1813272,787,1,1
1813273,787,1,2
1813280,787,1,1
1813287,787,1,1
1813288,787,1,1
1854829,789,1,1
1854830,789,1,1
1854831,789,1,1
1854832,789,1,1
1854834,789,1,1
1854835,789,1,1
1854836,789,1,1
1854837,789,1,1
1854838,789,1,1
1854842,789,1,1
1854843,789,1,1
1859989,790,0,1
1859990,790,0,1
1859992,790,0,1
1860000,790,0,1
1860001,790,0,1
1866243,790,1,1
1866245,790,1,1
1866246,790,1,1
1866247,790,1,1
1867622,790,1,0
1867629,790,1,0
1867630,790,1,0
1867632,790,1,0
1867633,790,1,0
1867634,790,1,0
1867643,790,1,0
1867644,790,1,0
1870112,790,2,2
1870113,790,2,2
1870288,790,2,2
1870290,790,2,1
1870292,790,2,1
1870294,790,2,1
1876654,790,2,0
1876655,790,2,1
1876656,790,2,1
1876657,790,2,0
1879211,791,0,1
1879212,791,0,2
1879213,791,0,2
1886894,791,1,2
1886896,791,1,2
1886897,791,1,2
1895035,791,2,1
1895036,791,2,1
1895037,791,2,1
1895039,791,2,2
1896002,791,3,1
1896003,791,3,1
1896005,791,3,2
1896006,791,3,1
1896007,791,3,2
1896008,791,3,1
1896011,791,3,1
1896012,791,3,1
1896632,791,3,2
1896633,791,3,1
1896634,791,3,1
1896635,791,3,1
1896636,791,3,1
1896639,791,3,1
1896640,791,3,2
1896642,791,3,2
1898505,791,3,1
1898506,791,3,2
1898507,791,3,1
1913329,792,2,1
1913330,792,2,1
1913331,792,2,1
1916003,793,0,1
1917809,793,1,1
1917810,793,1,1
1917812,793,1,1
1917813,793,1,1
1917814,793,1,1
1920568,793,2,1
1920569,793,2,1
1920571,793,2,1
1924127,794,0,1
1924128,794,0,1
1924129,794,0,2
1924133,794,0,1
1926337,794,0,1
1926338,794,0,1
1926339,794,0,1
1926340,794,0,1
1926341,794,0,1
1926342,794,0,2
1926346,794,0,2
1926347,794,0,1
1926348,794,0,1
1926349,794,0,1
1926357,794,0,1
1926363,794,0,1
1926364,794,0,1
1926365,794,0,1
1926366,794,0,2
1926367,794,0,1
1926368,794,0,1
1926370,794,0,1
1949478,796,1,1
1949479,796,1,2
1950824,796,1,2
1950826,796,1,2
1950827,796,1,2
1950828,796,1,2
1950829,796,1,2
1950834,796,1,2
1950835,796,1,2
1950836,796,1,2
1950837,796,1,2
1955372,797,0,1
1972888,797,3,2
1972889,797,3,2
1975729,797,3,1
1975730,797,3,1
1975732,797,3,1
1975733,797,3,2
1975735,797,3,1
1975740,797,3,1
1975741,797,3,1
1975743,797,3,2
1975744,797,3,1
1975780,797,3,1
1975781,797,3,1
1979056,797,3,1
1979057,797,3,1
1979058,797,3,1
1979059,797,3,1
1979061,797,3,1
1979063,797,3,2
1979064,797,3,1
1979066,797,3,1
1979071,797,3,1
1979072,797,3,2
1979073,797,3,1
1979074,797,3,1
1979075,797,3,1
1979077,797,3,1
1979078,797,3,1
1999426,798,1,2
1999427,798,1,2
2004602,799,1,1
2004603,799,1,1
2004604,799,1,1
2007165,799,2,1
2007166,799,2,1
2007167,799,2,1
2007168,799,2,1
2007169,799,2,1
2007172,799,2,2
2009688,799,4,1
2009689,799,4,1
2009690,799,4,1
2009693,799,4,1
2009695,799,4,1
2009696,799,4,1
2009697,799,4,1
2009698,799,4,1
2009699,799,4,1
2014555,799,6,1
2014556,799,6,1
2014557,799,6,1
2014558,799,6,1
2014559,799,6,1
2014560,799,6,1
2014561,799,6,1
2014564,799,6,2
2014565,799,6,2
2014566,799,6,1
2014568,799,6,1
2014569,799,6,1
2015892,799,6,1
2015893,799,6,1
2015894,799,6,1
2015895,799,6,1
2015896,799,6,1
2015897,799,6,1
2015899,799,6,1
2015901,799,6,1
2016471,799,6,0
2016472,799,6,0
2016473,799,6,0
2016474,799,6,0
2016478,799,6,0
2016484,799,6,0
2016486,799,6,0
2016487,799,6,0
2016488,799,6,0
2016490,799,6,0
2021738,800,1,2
2021744,800,1,2
2021745,800,1,2
2021760,800,1,2
2021761,800,1,2
2021762,800,1,2
2021764,800,1,2
2021765,800,1,2
2022925,800,1,2
2022926,800,1,1
2022927,800,1,1
2022928,800,1,1
2022929,800,1,2
2032328,801,2,1
2032329,801,2,1
2032330,801,2,0
2039329,801,3,2
2049569,802,1,1
2049570,802,1,1
2049571,802,1,1
2049573,802,1,1
2049574,802,1,1
2049575,802,1,1
2049576,802,1,2
2049577,802,1,2
2049579,802,1,1
2049581,802,1,1
2049582,802,1,1
2063344,802,2,0
2063347,802,2,0
2063353,802,2,0
2063362,802,2,0
2063363,802,2,0
2063368,802,2,0
2063379,802,2,0
2063388,802,2,0
2063392,802,2,0
2065245,803,0,1
2065248,803,0,1
2065249,803,0,2
2076810,803,1,1
2076811,803,1,1
2086345,804,0,1
2086346,804,0,1
2086347,804,0,1
2086350,804,0,1
2086352,804,0,1
2086353,804,0,1
2086354,804,0,1
2086355,804,0,1
2086356,804,0,1
2086358,804,0,1
2086359,804,0,1
2086361,804,0,1
2086369,804,0,1
2086370,804,0,1
2087152,804,0,1
2087153,804,0,1
2087155,804,0,1
2087156,804,0,1
2087157,804,0,1
2087158,804,0,1
2087159,804,0,1
2087161,804,0,1
2087162,804,0,1
2087164,804,0,1
2087165,804,0,1
2091421,804,1,0
2091422,804,1,1
2091423,804,1,1
2091424,804,1,1
2091425,804,1,1
2091426,804,1,1
2091427,804,1,1
2091428,804,1,2
2091429,804,1,0
2093098,804,2,1
2093099,804,2,1
2093100,804,2,1
2093101,804,2,1
2102132,805,2,1
2102133,805,2,1
2102142,805,2,1
2102143,805,2,1
2105638,805,2,1
2105639,805,2,1
2105640,805,2,1
2122444,805,3,2
2122445,805,3,2
2122446,805,3,2
2122447,805,3,2
2122448,805,3,2
2122449,805,3,2
2124079,805,3,1
2124083,805,3,1
2124084,805,3,1
2124085,805,3,1
2124086,805,3,1
2124090,805,3,1
2136147,806,0,2
2136153,806,0,2
2136154,806,0,2
2136160,806,0,2
2136166,806,0,2
2136182,806,0,2
2148303,806,1,2
2148305,806,1,2
2148306,806,1,2
2148321,806,1,2
2151110,806,1,2
2151111,806,1,1
2151117,806,1,1
2151118,806,1,1
2151119,806,1,2
2151123,806,1,1
2151124,806,1,1
2157154,806,1,1
2157155,806,1,1
2157156,806,1,1
2161283,806,2,1
2161284,806,2,1
2161285,806,2,1
2161286,806,2,1
2161287,806,2,1
2161288,806,2,2
2161289,806,2,1
2161290,806,2,1
2161291,806,2,2
2161292,806,2,2
2161293,806,2,1
2161294,806,2,1
2161296,806,2,1
2161312,806,2,1
2161313,806,2,1
2161615,806,2,1
2161616,806,2,1
2161617,806,2,1
2161622,806,2,1
2161623,806,2,1
2165724,807,0,1
2165725,807,0,1
2165726,807,0,1
2165727,807,0,2
2165730,807,0,1
2165731,807,0,1
2165910,807,0,2
2166530,807,0,1
2166532,807,0,1
2166533,807,0,1
2166534,807,0,1
2166535,807,0,1
2166536,807,0,1
2166537,807,0,2
2166538,807,0,1
2166539,807,0,2
2171600,807,1,2
2171603,807,1,2
2171604,807,1,2
2171605,807,1,2
2171615,807,1,2
2171617,807,1,2
2171618,807,1,2
2171619,807,1,2
2171625,807,1,2
2171626,807,1,2
2171632,807,1,2
2171767,807,1,1
2171768,807,1,1
2171773,807,1,1
2171774,807,1,1
2171775,807,1,1
2171776,807,1,2
2178803,807,3,2
2178804,807,3,2
2188458,808,1,2
2208054,808,1,1
2208057,808,1,1
2208058,808,1,1
2208063,808,1,1
2248941,809,1,2
2248942,809,1,2
2248943,809,1,2
2248946,809,1,2
2248947,809,1,2
2248952,809,1,2
2248954,809,1,2
2248957,809,1,2
2248958,809,1,2
2248959,809,1,2
2248960,809,1,2
2248961,809,1,2
2248962,809,1,2
2248965,809,1,2
2248968,809,1,2
2248969,809,1,2
2248970,809,1,2
2251398,809,2,1
2251399,809,2,2
2251401,809,2,2
2251402,809,2,1
2251405,809,2,1
2251406,809,2,1
2253822,809,3,2
2253827,809,3,2
2253828,809,3,2
2274199,812,0,0
2282271,812,1,1
2282272,812,1,2
2282273,812,1,1
2282274,812,1,1
2288114,813,0,1
2288115,813,0,1
2288116,813,0,1
2288117,813,0,1
2288118,813,0,1
2288119,813,0,2
2288498,813,0,1
2288499,813,0,1
2288500,813,0,1
2288501,813,0,1
2288502,813,0,1
2288503,813,0,1
2288504,813,0,1
2288505,813,0,1
2288506,813,0,1
2288507,813,0,1
2290823,813,1,2
2290824,813,1,2
2290830,813,1,2
2290831,813,1,2
2290877,813,1,2
2290878,813,1,2
2291329,813,1,1
2291330,813,1,1
2291331,813,1,1
2291332,813,1,1
2291333,813,1,1
2291334,813,1,1
2291335,813,1,1
2291338,813,1,1
2291339,813,1,1
2291341,813,1,1
2291342,813,1,1
2292244,813,1,2
2292246,813,1,2
2292247,813,1,2
2292253,813,1,2
2292256,813,1,2
2292261,813,1,2
2292264,813,1,2
2292265,813,1,2
2292821,813,1,1
2292822,813,1,1
2292823,813,1,1
2292824,813,1,1
2293496,813,1,1
2293497,813,1,1
2293498,813,1,1
2293499,813,1,1
2293500,813,1,2
2293501,813,1,1
2293502,813,1,2
2293504,813,1,1
2293505,813,1,1
2293506,813,1,1
2293507,813,1,1
2293508,813,1,2
2293512,813,1,1
2293513,813,1,1
2297052,813,2,1
2297053,813,2,1
2297054,813,2,1
2297055,813,2,1
2297056,813,2,1
2297057,813,2,1
2297058,813,2,1
2297061,813,2,2
2297062,813,2,1
2297064,813,2,1
2297065,813,2,1
2297071,813,2,1
2297072,813,2,1
2302699,813,4,0
2302700,813,4,0
2302701,813,4,0
2302702,813,4,0
2302704,813,4,0
2302709,813,4,0
2302714,813,4,0
2302717,813,4,0
2302718,813,4,0
2302719,813,4,0
2302720,813,4,0
2302724,813,4,0
2302725,813,4,0
2311400,814,1,1
2311401,814,1,1
2311402,814,1,1
2311403,814,1,1
2311404,814,1,2
2311405,814,1,2
2314085,814,1,1
2314086,814,1,1
2314087,814,1,1
2314088,814,1,0
2314089,814,1,1
2315665,814,2,2
2315666,814,2,2
2315667,814,2,2
2315668,814,2,2
2315669,814,2,2
2315673,814,2,2
2315674,814,2,2
2315675,814,2,2
2315676,814,2,2
2315677,814,2,2
2315678,814,2,2
2315679,814,2,2
2315680,814,2,2
2315681,814,2,2
2315696,814,2,2
2315697,814,2,2
2321298,814,3,2
2322456,814,3,2
2322457,814,3,1
2322458,814,3,1
2322459,814,3,1
2322460,814,3,1
2325292,814,3,0
2325293,814,3,1
2325294,814,3,1
2325296,814,3,1
2325297,814,3,0
2325298,814,3,1
2325299,814,3,1
2325300,814,3,1
2325302,814,3,1
2325303,814,3,0
2325304,814,3,2
2325305,814,3,1
2325306,814,3,1
2325307,814,3,0
2327807,814,4,0
2327808,814,4,0
2327810,814,4,0
2327815,814,4,0
2327817,814,4,0
2327822,814,4,0
2327829,814,4,0
2327830,814,4,0
2327831,814,4,0
2327836,814,4,0
2327837,814,4,0
2327843,814,4,0
2328923,815,0,2
2331830,815,0,2
2331831,815,0,1
2331835,815,0,1
2331842,815,0,1
2331843,815,0,1
2331844,815,0,1
2331845,815,0,1
2331846,815,0,1
2331847,815,0,2
2331849,815,0,1
2331850,815,0,1
2341240,815,0,2
2341243,815,0,1
2341244,815,0,1
2358862,817,0,1
2358863,817,0,1
2358864,817,0,1
2358865,817,0,1
2358867,817,0,1
2358868,817,0,2
2358869,817,0,1
2358870,817,0,1
2358874,817,0,1
2358875,817,0,1
2359878,817,1,0
2359879,817,1,0
2359881,817,1,0
2359882,817,1,0
2359883,817,1,0
2359888,817,1,0
2359889,817,1,0
2359890,817,1,0
2365549,817,3,2
2367906,817,3,1
2367907,817,3,1
2367908,817,3,1
2367909,817,3,1
2368040,817,3,2
2368041,817,3,2
2368042,817,3,2
2368045,817,3,2
2368046,817,3,2
2368047,817,3,2
2368048,817,3,2
2368049,817,3,2
2369508,817,3,1
2369509,817,3,1
2369510,817,3,1
2369511,817,3,1
2369512,817,3,1
2370728,817,4,2
2370729,817,4,2
2370730,817,4,2
2370731,817,4,2
2370733,817,4,2
2370734,817,4,2
2370735,817,4,2
2370737,817,4,2
2370738,817,4,2
2371450,817,4,2
2371451,817,4,1
2371452,817,4,1
2371453,817,4,1
2372635,817,4,1
2372636,817,4,2
2372637,817,4,1
2372638,817,4,2
2372639,817,4,1
2372641,817,4,1
2372642,817,4,1
2372643,817,4,2
2372644,817,4,2
2372646,817,4,1
2372652,817,4,1
2372653,817,4,1
2375131,817,5,1
2375132,817,5,1
2402908,820,0,1
2402909,820,0,2
2402910,820,0,1
2402911,820,0,1
2402912,820,0,1
2402914,820,0,1
2402916,820,0,1
2406695,820,0,1
2406696,820,0,1
2406697,820,0,1
2406698,820,0,1
2406699,820,0,0
2415675,822,2,2
2415676,822,2,2
2415677,822,2,2
2415678,822,2,2
2416123,822,2,2
2416124,822,2,1
2417016,822,2,1
2417017,822,2,0
2421093,822,3,1
2421101,822,3,1
2421102,822,3,2
2421103,822,3,1
2421107,822,3,1
2421109,822,3,1
2421118,822,3,1
2421119,822,3,1
2421120,822,3,1
2421123,822,3,1
2421127,822,3,1
2421130,822,3,1
2423664,822,3,0
2423671,822,3,0
2423673,822,3,0
2423674,822,3,0
2423675,822,3,0
2423676,822,3,0
2423677,822,3,0
2423678,822,3,0
2430315,823,1,1
2430318,823,1,1
2430320,823,1,1
2430322,823,1,1
2430327,823,1,1
2430328,823,1,1
2430329,823,1,1
2430330,823,1,1
2430331,823,1,1
2430646,823,1,1
2430649,823,1,1
2430650,823,1,2
2430651,823,1,1
2430653,823,1,1
2430657,823,1,1
2430658,823,1,1
2430659,823,1,1
2430660,823,1,1
2430661,823,1,1
2430662,823,1,1
2430663,823,1,1
2430678,823,1,1
2430679,823,1,1
2436672,824,0,1
2436673,824,0,2
2436675,824,0,1
2436676,824,0,1
2436677,824,0,2
2436679,824,0,1
2436680,824,0,1
2436681,824,0,0
2436682,824,0,1
2436683,824,0,1
2437664,824,0,0
2437665,824,0,0
2437666,824,0,0
2437668,824,0,0
2437671,824,0,0
2437673,824,0,0
2437674,824,0,0
