index,Merchant Name,Merchant City,Merchant State,MCC
4099,9384,4932,144,3001
4100,8837,4932,144,5651
4101,5928,4932,144,4411
4102,15779,4932,144,5732
4103,9852,4932,144,3640
4104,3444,4932,144,3007
4105,11890,4932,144,5300
4106,15476,4932,144,7996
4107,21294,4932,144,5311
4108,16796,4932,144,7922
4109,2875,4932,144,5311
4111,9852,4932,144,3640
4112,9852,4932,144,3640
9761,7423,1270,16,4121
9762,2875,4932,144,5311
13678,11890,5224,16,5300
13683,1842,7010,16,5311
13684,13582,3590,16,5311
13685,11642,1486,16,3722
13687,11973,7010,16,5300
13688,10422,1270,16,5310
13689,515,1250,16,5816
13690,21589,7010,16,5411
13698,11642,1486,16,3722
13699,11642,1486,16,3722
17737,16972,4932,144,5310
17738,10781,1270,16,5300
21031,7497,4932,144,5310
21032,16771,3854,91,5211
21033,15674,4932,144,5732
21659,8899,5877,57,3684
21660,21294,5877,57,5311
21666,17409,5877,57,4214
21667,18711,5877,57,5812
21668,13358,5877,57,5921
21674,18609,5877,57,5411
21675,6793,5877,57,3389
21676,13582,5877,57,5311
21677,13582,5877,57,5311
21678,13210,5877,57,5932
24032,1643,5130,91,5411
24039,9852,796,91,3640
24040,9852,796,91,3640
28350,3634,4932,144,3256
28351,8343,4932,144,4411
28352,6431,4932,144,5719
28353,17833,5524,44,5310
28354,5867,4932,144,5912
28355,2421,4932,144,5310
28357,18661,4932,144,5311
28358,2706,4932,144,5814
28359,2875,4932,144,5311
28360,6431,4932,144,5719
28361,12173,4932,144,5094
28362,13872,4932,144,5651
28363,771,4932,144,3005
28364,16601,4932,144,5912
28365,11622,4932,144,5193
28366,16261,4932,144,5814
28367,11890,4932,144,5300
44465,14516,73,4,5094
44466,15792,73,4,5651
44467,8088,73,4,5310
44471,14625,73,4,5921
57543,13210,5877,57,5932
57544,13582,5877,57,5311
57545,17741,5877,57,7210
57546,17409,5877,57,4214
57547,8145,5877,57,5411
57548,10290,5877,57,5621
57549,15394,5877,57,5045
57550,5439,5877,57,5541
57551,5439,5877,57,5541
57552,5439,5877,57,5541
57553,3071,5877,57,5311
57554,2478,5877,57,5712
57556,21294,5877,57,5311
57557,8145,5877,57,5411
57558,16649,5877,57,4121
57716,12049,5877,57,5541
57717,7982,5877,57,5970
57726,15394,5877,57,5045
57727,21294,5877,57,5311
57728,11737,5877,57,5499
57729,11737,5877,57,5499
57730,11737,5877,57,5499
57731,18609,5877,57,5411
66597,2478,4932,144,5719
66598,4281,4932,144,4829
66599,4281,4932,144,4829
66600,4281,4932,144,4829
66601,13767,4932,144,4722
66603,17392,6627,96,5211
66605,11890,4932,144,5300
66606,15886,4932,144,5816
67979,16427,143,16,5211
67980,11890,4932,144,5300
67981,17187,4932,144,5045
67982,4281,4932,144,4829
67983,18802,4932,144,5251
67985,11890,4932,144,5300
67986,21294,4932,144,5311
67987,13928,4932,144,3174
68670,20438,4932,144,3006
74952,13358,5877,57,5921
74953,2478,5877,57,5712
74954,20169,5877,57,5661
74955,13210,5877,57,5932
74956,5969,5877,57,3008
74957,2797,5877,57,5812
74958,10176,5877,57,5211
74959,169,5877,57,3509
74963,21294,5877,57,5311
74964,19246,5877,57,5651
75363,1842,4932,144,5311
75364,7828,5524,44,5921
75365,18802,4932,144,5251
75366,8339,4932,144,5311
75367,21294,4932,144,5311
75371,2478,4932,144,5719
75372,16601,4932,144,5912
75373,2478,4932,144,5719
79577,13582,4932,144,5311
79578,21294,4932,144,5311
82181,2875,5761,16,5311
96297,17683,6064,16,7542
107977,2875,4932,144,5311
107979,15732,4932,144,3504
107987,15732,4932,144,3504
107988,15732,4932,144,3504
109389,18609,5877,57,5411
109390,16649,5877,57,4121
109400,13358,5877,57,5921
109401,17342,5877,57,5310
109406,17342,5877,57,5310
109407,17342,5877,57,5310
109418,21294,5877,57,5311
109423,13582,5877,57,5311
109425,20404,5877,57,3144
145085,836,5877,57,5912
145086,18170,5877,57,5211
145091,16649,5877,57,4121
145097,13582,5877,57,5311
145105,836,5877,57,5912
145106,18170,5877,57,5211
145119,15394,5877,57,5045
145123,19246,5877,57,5651
155889,15732,5877,57,3504
171773,2918,4932,144,7832
172960,16649,5877,57,4121
172962,13210,5877,57,5932
172969,4889,5877,57,4214
172970,1842,5877,57,5311
172971,6137,5877,57,5733
172973,2797,5877,57,5812
172975,11642,5877,57,3722
172977,10176,5877,57,5211
180961,2875,4932,144,5311
180963,2478,4932,144,5719
180968,11890,4932,144,5300
180969,1842,4932,144,5311
180970,14967,4932,144,4814
180971,17332,4932,144,5912
180972,1842,4932,144,5311
180974,2478,4932,144,5719
180975,21294,4932,144,5311
180976,4281,4932,144,4829
180980,14172,4932,144,5310
192033,169,4932,144,3509
192034,5165,4932,144,5193
192036,12124,4932,144,5651
192037,15779,4932,144,5732
192041,169,4932,144,3509
192042,169,4932,144,3509
194199,16601,4932,144,5912
194200,4281,4932,144,4829
194201,4281,4932,144,4829
197719,15145,3623,71,5921
197720,13397,2872,71,5411
197721,8343,4932,144,4411
197722,11874,4932,144,3359
197723,2478,4932,144,5719
197724,4889,4932,144,4214
197725,4281,4932,144,4829
197726,4281,4932,144,4829
197727,11874,4932,144,3359
197728,11874,4932,144,3359
215119,6357,4932,144,4121
215120,11890,4932,144,5300
215121,8885,636,97,5912
215561,21294,5877,57,5311
218227,13170,4932,144,5311
218228,16972,4932,144,5310
218229,16796,4932,144,7922
218230,19238,4932,144,5311
218231,4281,4932,144,4829
218232,11,4932,144,3780
218233,8343,4932,144,4411
218235,20234,4932,144,5311
218236,4281,4932,144,4829
218239,15505,6810,97,7995
218245,11,4932,144,3780
218246,11,4932,144,3780
218379,19341,2890,125,5814
218380,18306,369,97,5311
218381,5439,340,86,5541
218383,19716,6502,125,3395
218384,16855,7199,17,5310
218385,5882,7490,97,5942
218386,2875,5651,125,5311
218387,20038,6264,125,5310
218391,19716,6502,125,3395
218392,19716,6502,125,3395
224091,17332,4932,144,5912
224092,14967,4932,144,4814
224094,13582,4932,144,5311
224095,9791,4932,144,4131
224096,14967,4932,144,4814
224097,16644,2789,97,5411
224972,975,225,125,5411
224973,4281,4932,144,4829
224974,7074,4932,144,3393
224975,4281,4932,144,4829
224976,7074,4932,144,3393
224977,7074,4932,144,3393
225038,12659,4733,125,5912
225039,1311,4932,144,5815
225040,2478,4932,144,5719
226961,18124,4932,144,5814
226962,5772,4932,144,5651
226963,14967,4932,144,4814
226964,20066,4932,144,7996
226966,15779,4932,144,5732
226967,11890,4932,144,5300
226968,7497,4932,144,5310
226969,2478,4932,144,5719
237123,15779,4932,144,5732
237124,11890,4932,144,5300
237125,11890,4932,144,5300
241907,10657,2293,3,5812
241908,11890,4932,144,5300
243281,21589,3947,96,5411
243285,7303,599,96,5499
243286,5969,6801,50,3008
243288,4281,847,96,4829
243608,2645,4932,144,5251
243609,15779,4932,144,5732
243610,7664,2293,3,5932
243611,20234,4932,144,5311
243866,2478,4932,144,5719
243867,6008,4932,144,5311
243868,13582,4932,144,5311
243869,11890,4932,144,5300
243870,1454,4932,144,5311
243871,5867,4932,144,5912
243872,17409,4932,144,4214
243873,4318,4932,144,5211
243874,14187,4932,144,5533
243875,18140,4932,144,5732
243876,11890,4932,144,5300
243877,3634,4932,144,3256
244958,11890,4932,144,5300
244960,6165,4932,144,4112
244961,18306,4932,144,5311
244962,5769,2293,3,7995
244965,11890,4932,144,5300
244966,20019,2293,3,4121
244967,5769,2293,3,7995
244968,5772,4932,144,5651
244969,17048,4932,144,5912
244970,12173,4932,144,5094
247087,8925,13,94,5310
247088,6120,13,94,5211
247092,504,13,94,5651
247093,2200,13,94,5912
247096,504,13,94,5651
247100,15080,13,94,5411
247110,8840,13,94,5094
247111,169,13,94,3509
247112,504,13,94,5651
247115,15080,13,94,5411
250281,20350,73,4,5211
250283,8088,73,4,5310
250381,8088,73,4,5310
250404,8088,73,4,5310
250406,4868,73,4,5912
267754,1842,4343,79,5311
267757,3071,4343,79,5311
267758,2478,4343,79,5712
267760,1545,4343,79,5932
267774,1545,4343,79,5932
267784,769,4343,79,5712
269070,11890,4520,16,5300
269157,13582,2034,16,5311
288201,18170,4932,144,5211
288202,4281,4932,144,4829
288203,11642,4932,144,3722
288205,15779,4932,144,5732
288206,515,4932,144,5816
288219,11642,4932,144,3722
288220,11642,4932,144,3722
302001,20438,4932,144,3006
302005,11581,4932,144,5814
302018,13532,4932,144,5814
302028,20011,2479,131,5912
302031,15779,4932,144,5732
302044,18170,4932,144,5211
302045,11890,4932,144,5300
302046,11890,4932,144,5300
307573,19238,4932,144,5311
307574,5506,4932,144,5815
307576,9662,4932,144,5651
307601,6014,4932,144,4899
307602,3346,3669,96,7922
307603,2421,4932,144,5310
307604,1454,4932,144,5311
307886,13582,4932,144,5311
307887,4281,4932,144,4829
307888,2875,4932,144,5311
310785,1434,986,96,5310
310786,4281,4932,144,4829
310787,6357,4932,144,4121
321035,15732,5877,57,3504
321041,13582,5877,57,5311
321045,21294,5877,57,5311
321046,9662,5877,57,5651
321049,17342,5877,57,5310
321052,10040,5877,57,5814
321053,13210,5877,57,5932
321054,18170,5877,57,5211
321058,17342,5877,57,5310
321059,13210,5877,57,5932
321060,18609,5877,57,5411
323816,11890,4932,144,5300
323817,17458,4932,144,9402
323818,13635,6189,3,5932
323825,16796,4932,144,7922
323827,17902,4932,144,5815
323828,11890,6189,3,5300
333907,13928,4932,144,3174
333908,2469,4932,144,5712
333911,11890,4932,144,5300
333914,2421,4932,144,5310
333915,9791,4932,144,4131
333917,6696,4932,144,5733
333918,11890,4932,144,5300
333921,2421,4932,144,5310
333922,2421,4932,144,5310
333923,1311,4932,144,5815
333924,11890,4932,144,5300
333925,17833,5524,44,5310
333926,1176,4932,144,5045
333927,5822,4932,144,5977
362398,5882,4932,144,5942
362399,16956,4932,144,5311
362400,4281,4932,144,4829
362401,4281,4932,144,4829
362402,3354,2636,124,5411
362403,4281,4932,144,4829
362405,11890,4932,144,5300
362406,14967,4932,144,4814
367201,2875,4932,144,5311
367202,4281,4932,144,4829
367203,5830,4407,124,5813
367204,17902,4932,144,5815
367205,14800,4932,144,5814
373615,13582,4028,124,5311
373616,2875,4932,144,5311
373617,4281,4932,144,4829
373618,14584,4028,124,5300
375788,8476,5877,57,5813
375789,9662,5877,57,5651
375791,13582,5877,57,5311
375792,5439,5877,57,5541
375793,5439,5877,57,5541
375794,6137,5877,57,5733
375795,21294,5877,57,5311
375799,8476,5877,57,5813
375800,15394,5877,57,5045
375801,3071,5877,57,5311
375802,13358,5877,57,5921
375803,17342,5877,57,5310
386814,4281,4345,34,4829
386815,15394,4345,34,5045
386816,10894,3022,34,7210
386817,515,7372,34,5816
386818,13582,3477,34,5311
386819,20420,2373,34,4814
386825,528,2817,34,7802
386829,5439,3116,34,5541
386830,9773,4345,34,5541
389460,1377,4932,144,7801
389461,4281,4932,144,4829
409737,515,7328,96,5816
409744,4346,467,96,5541
409784,15394,471,96,5045
409809,4281,847,96,4829
414167,5506,4932,144,5815
414168,16956,4932,144,5311
414174,5506,4932,144,5815
414192,882,4932,144,5310
414194,5928,4932,144,4411
414203,17191,2479,131,4121
414204,18802,4932,144,5251
414212,6791,4932,144,4121
414213,11890,4932,144,5300
438037,4039,6627,96,5651
438038,17902,4932,144,5815
438039,20066,4932,144,7996
438041,16820,4932,144,3075
438042,2478,4932,144,5712
438043,20420,4932,144,4814
438044,11890,4932,144,5300
438045,6061,4932,144,7832
438047,4281,4932,144,4829
452900,4318,4932,144,5211
452901,14172,4932,144,5310
453671,8088,73,4,5310
453673,4868,73,4,5912
453674,10857,73,4,4121
454472,2445,6060,16,5300
454473,16213,1250,16,5813
454474,4281,4932,144,4829
454476,5506,4932,144,5815
454477,2478,4932,144,5719
454478,882,4932,144,5310
454480,11890,4932,144,5300
457190,17742,1250,16,5300
457191,16972,4932,144,5310
457192,19024,4932,144,7996
457193,9505,6526,16,5094
457194,1442,4932,144,5816
458339,7941,7620,96,5733
458340,12545,6627,96,7549
458341,9384,4932,144,3001
458342,17727,4932,144,7801
458343,6008,4932,144,5311
458344,882,4932,144,5310
458346,2645,4932,144,5251
458347,10564,6627,96,5300
458348,11581,4932,144,5814
458349,11581,4932,144,5814
458350,18965,4932,144,5193
458351,18802,4932,144,5251
458352,1311,4932,144,5815
458353,11890,4932,144,5300
458354,3634,4932,144,3256
466131,17342,5877,57,5310
466133,17342,5877,57,5310
466134,13582,5877,57,5311
466136,13582,5877,57,5311
466143,17342,5877,57,5310
466148,18609,5877,57,5411
466152,15394,5877,57,5045
466157,19246,5877,57,5651
466158,21294,5877,57,5311
472456,11890,4932,144,5300
472457,6791,4932,144,4121
472458,3813,6324,68,5094
472460,11890,4932,144,5300
472461,1454,4932,144,5311
472463,2478,4932,144,5719
474881,4700,7399,68,5300
474905,6892,6324,68,5932
474926,11890,6643,68,5300
511676,11457,5003,60,5300
511677,13718,5003,60,5411
511678,18141,5003,60,5921
511680,4281,4932,144,4829
525947,11642,5877,57,3722
525948,21294,5877,57,5311
525951,17342,5877,57,5310
525956,11874,5877,57,3359
525957,11874,5877,57,3359
525962,1842,5877,57,5311
525964,13210,5877,57,5932
527584,16261,4932,144,5814
527585,7497,4932,144,5310
527586,12997,5719,125,5932
529506,3071,5877,57,5311
529507,1842,5877,57,5311
529508,21294,5877,57,5311
529511,836,5877,57,5912
529512,8911,5877,57,3009
529515,2797,5877,57,5812
529516,17409,5877,57,4214
529518,16649,5877,57,4121
529520,18609,5877,57,5411
529521,13210,5877,57,5932
529522,13872,5877,57,5651
529523,21294,5877,57,5311
529530,21294,5877,57,5311
529531,21294,5877,57,5311
529533,21294,5877,57,5311
531360,3723,5533,125,5912
531363,20174,5533,125,5211
535880,3499,4932,144,4814
535881,16956,4932,144,5311
535883,2012,5533,125,7011
535884,6793,4932,144,3389
535885,3723,5533,125,5912
535887,6793,4932,144,3389
535888,6793,4932,144,3389
536175,2478,4932,144,5719
536176,8700,5533,125,5310
536177,4930,1488,125,5300
536178,10583,5828,125,7922
538554,11890,4932,144,5300
538555,14172,4932,144,5310
538557,14205,5533,125,5411
538558,2875,4932,144,5311
538559,5772,4932,144,5651
538560,15653,1488,125,5300
538561,8700,5533,125,5310
538562,3425,5533,125,5300
538563,20234,4932,144,5311
538564,18661,4932,144,5311
538565,1347,4932,144,4411
538566,3723,5533,125,5912
538567,4281,4932,144,4829
538569,20438,4932,144,3006
538570,16820,4932,144,3075
538571,15779,4932,144,5732
542506,882,4932,144,5310
542507,20066,4932,144,7996
542508,5506,4932,144,5815
542509,4281,4932,144,4829
542603,18661,4932,144,5311
542604,6165,4932,144,4112
542606,8837,4932,144,5651
560095,5506,4932,144,5815
560096,4318,4932,144,5211
560097,15476,4932,144,7996
560098,4281,4932,144,4829
565979,11581,4932,144,5814
565985,18170,4932,144,5211
565986,2478,4932,144,5719
565987,19929,1149,3,8011
565988,4281,4932,144,4829
565989,3071,4932,144,5311
565995,3297,1149,3,5411
566552,20299,1149,3,5300
566553,11890,4932,144,5300
566554,17463,4932,144,5045
566555,15886,4932,144,5816
566556,3297,1149,3,5411
566557,5882,4932,144,5942
572581,15779,4932,144,5732
572582,6165,4932,144,4112
572583,167,4932,144,5045
579810,1842,5877,57,5311
579811,3035,5877,57,7011
579818,12049,5877,57,5541
579819,12049,5877,57,5541
579820,3071,5877,57,5311
579821,12049,5877,57,5541
579822,17342,5877,57,5310
579823,1842,5877,57,5311
579825,21294,5877,57,5311
579826,17163,5877,57,5094
579827,16649,5877,57,4121
579832,17741,5877,57,7210
579833,5439,5877,57,5541
579834,2797,5877,57,5812
579835,5439,5877,57,5541
579836,5439,5877,57,5541
579837,3035,5877,57,7011
579838,3035,5877,57,7011
586696,6431,4932,144,5719
586697,2478,4932,144,5719
586698,20234,4932,144,5311
586702,1842,4932,144,5311
587680,515,4932,144,5816
588009,13582,4932,144,5311
588985,2875,4932,144,5311
589006,5506,4932,144,5815
589019,11890,4932,144,5300
589027,13582,4932,144,5311
589036,15902,2479,131,5094
589048,18124,4932,144,5814
589049,19238,4932,144,5311
589050,2645,4932,144,5251
589058,21294,4932,144,5311
589059,13582,4932,144,5311
589079,7497,4932,144,5310
589084,18661,4932,144,5311
589085,9384,4932,144,3001
589108,14172,4932,144,5310
601762,10096,6107,34,5300
601765,4281,5159,34,4829
601767,15538,1065,34,5921
601770,4281,4932,144,4829
601773,9201,184,34,7538
601774,5506,4932,144,5815
601775,3071,4932,144,5311
601777,14235,2172,34,5932
604830,5249,1065,34,5921
604831,11890,4932,144,5300
608805,1311,4932,144,5815
608806,11890,4932,144,5300
608807,19394,2544,34,5310
609961,169,5877,57,3509
609962,6793,5877,57,3389
609966,1842,5877,57,5311
609972,1842,5877,57,5311
609975,13582,5877,57,5311
609976,16649,5877,57,4121
617673,4889,5877,57,4214
617674,5439,5877,57,5541
617675,18711,5877,57,5812
617680,13358,5877,57,5921
617684,17342,5877,57,5310
618347,2585,73,4,7011
618349,5889,73,4,5411
618350,5889,73,4,5411
618351,2585,73,4,7011
618377,5889,73,4,5411
618381,14516,73,4,5094
618709,20420,4932,144,4814
618710,8837,4932,144,5651
618712,18217,4932,144,4814
618713,20438,4932,144,3006
618714,14800,4932,144,5814
620799,2875,5761,16,5311
627228,6431,4932,144,5719
635360,6932,4343,79,5912
635361,1057,4343,79,5651
635362,1842,4343,79,5311
635363,1176,4343,79,5045
635364,13582,4343,79,5311
636741,17382,504,16,7922
655578,6793,5877,57,3389
655581,9662,5877,57,5651
655586,21294,5877,57,5311
655589,21294,5877,57,5311
655594,21294,5877,57,5311
655598,8145,5877,57,5411
655599,17409,5877,57,4214
655600,21294,5877,57,5311
655608,3035,5877,57,7011
655609,17342,5877,57,5310
655611,8476,5877,57,5813
657311,4281,6827,37,4829
657312,21036,5275,37,5300
657314,4281,6827,37,4829
657315,3966,7442,37,5541
657318,3075,268,88,7995
657319,2846,312,37,8011
657321,7969,5275,37,5310
657323,12359,6387,37,5932
657324,3499,6730,37,4814
657326,4281,6827,37,4829
659342,15779,4932,144,5732
659343,16272,4932,144,3775
659344,21036,5275,37,5300
659345,3556,4932,144,7832
659346,4431,1249,37,5310
659348,16272,4932,144,3775
659349,16272,4932,144,3775
660705,8241,6849,37,7996
660706,15674,4932,144,5732
661965,1176,4343,79,5045
662518,6431,504,16,5719
664927,3499,4932,144,4814
664928,15374,4932,144,3596
664929,882,4932,144,5310
664930,6008,4932,144,5311
664935,15374,4932,144,3596
664936,15374,4932,144,3596
670113,1842,4932,144,5311
670114,6061,4932,144,7832
670115,8567,3870,71,5813
670116,6061,4932,144,7832
670117,4281,4932,144,4829
670118,2478,4932,144,5719
670119,14257,4932,144,4722
670128,14257,4932,144,4722
670129,14257,4932,144,4722
673787,1347,4932,144,4411
673788,5822,4932,144,5977
673789,7828,5524,44,5921
673790,18140,4932,144,5732
673792,15886,4932,144,5816
673803,15779,4932,144,5732
673804,15374,4932,144,3596
673805,18802,4932,144,5251
673806,14800,4932,144,5814
673807,167,4932,144,5045
673812,18661,4932,144,5311
673813,5506,4932,144,5815
673814,882,4932,144,5310
673816,18140,4932,144,5732
673819,4419,4932,144,5533
673822,8445,5524,44,4121
673829,16380,5524,44,5411
673831,15779,4932,144,5732
673840,15374,4932,144,3596
673841,15374,4932,144,3596
692384,16649,5877,57,4121
692385,19246,5877,57,5651
692386,8145,5877,57,5411
692387,8145,5877,57,5411
692388,6581,5877,57,5947
692390,18609,5877,57,5411
692400,18170,5877,57,5211
692406,3071,5877,57,5311
705113,5867,4932,144,5912
705114,1311,4932,144,5815
705116,10438,7301,109,5411
707850,7982,4932,144,5970
707851,11890,4932,144,5300
737764,13210,5877,57,5932
737767,836,5877,57,5912
737778,13872,5877,57,5651
737779,8476,5877,57,5813
737780,21294,5877,57,5311
737785,18609,5877,57,5411
737786,169,5877,57,3509
737787,17342,5877,57,5310
737789,836,5877,57,5912
743888,6008,4932,144,5311
743889,15340,5524,44,5712
743890,7828,5524,44,5921
743891,21294,4932,144,5311
743892,7828,5524,44,5921
743893,803,5524,44,5912
743894,19264,4932,144,4722
743895,9384,4932,144,3001
743896,6008,4932,144,5311
743897,5506,4932,144,5815
743900,17833,5524,44,5310
743904,12124,4932,144,5651
743906,19264,4932,144,4722
743907,19264,4932,144,4722
753004,8517,3809,125,5813
773137,11696,3854,91,5912
773236,12173,4932,144,5094
782905,20038,4932,144,5310
782906,6165,4932,144,4112
782907,6431,4932,144,5719
782908,11890,4932,144,5300
782909,19264,4932,144,4722
782910,5506,4932,144,5815
782916,2478,4932,144,5719
782917,11642,4932,144,3722
782918,6431,4932,144,5719
782919,1176,4932,144,5045
782931,11642,4932,144,3722
782932,11642,4932,144,3722
786824,1347,4932,144,4411
786825,882,4932,144,5310
786827,2875,4932,144,5311
786829,5867,4932,144,5912
787372,2875,4932,144,5311
787373,4281,4932,144,4829
787378,11890,4932,144,5300
792926,8088,73,4,5310
792929,5889,73,4,5411
792936,8088,73,4,5310
792941,8088,73,4,5310
792946,4868,73,4,5912
792962,4868,73,4,5912
819671,14172,4932,144,5310
819672,18306,4932,144,5311
819673,21416,456,125,5300
819674,8911,4932,144,3009
819675,4281,4932,144,4829
819676,1480,4932,144,3058
819678,5969,4932,144,3008
819679,2478,4932,144,5719
819680,15779,4932,144,5732
819681,19238,4932,144,5311
832867,14172,4932,144,5310
832868,5165,4932,144,5193
832869,5506,4932,144,5815
838941,6431,4932,144,5719
838942,17902,4932,144,5815
838943,11890,4932,144,5300
839100,1347,4932,144,4411
839101,17902,4932,144,5815
839102,8911,4932,144,3009
847540,882,4932,144,5310
847544,4281,4932,144,4829
847546,5165,4932,144,5193
847547,6357,4932,144,4121
847548,15374,4932,144,3596
847549,10083,5674,140,5300
847550,11788,4932,144,3000
847552,1904,566,140,5912
847559,15374,4932,144,3596
847560,15374,4932,144,3596
849958,1159,6208,140,7832
849959,19024,4932,144,7996
849960,9027,4932,144,4411
849961,19697,566,140,7995
849962,1904,566,140,5912
849963,2875,4932,144,5311
849964,8572,4932,144,4411
849965,18306,4932,144,5311
849966,4281,4932,144,4829
849967,11361,5704,140,7922
857646,15310,4983,132,5411
857647,4281,4932,144,4829
857648,4281,4932,144,4829
857649,16972,4932,144,5310
857650,16601,4932,144,5912
857651,12247,4983,132,5300
857652,2478,4932,144,5719
857654,6177,4983,132,7832
858071,7537,4932,144,4722
858072,4131,4983,132,7922
858073,4889,4932,144,4214
858074,4340,4932,144,5045
863808,13210,5877,57,5932
863811,21294,5877,57,5311
863812,17163,5877,57,5094
863813,17342,5877,57,5310
863814,169,5877,57,3509
863815,16649,5877,57,4121
863821,21294,5877,57,5311
863822,16649,5877,57,4121
863827,169,5877,57,3509
863828,169,5877,57,3509
871097,4281,4932,144,4829
871098,4281,4932,144,4829
871099,4281,4932,144,4829
871100,9900,796,91,7538
871102,6165,4932,144,4112
871103,2421,4932,144,5310
871412,2469,4932,144,5712
871413,17902,4932,144,5815
871414,20038,4932,144,5310
871415,11890,4932,144,5300
871416,17048,4932,144,5912
882976,11564,6627,96,5094
882977,4281,4932,144,4829
882978,2875,4932,144,5311
882980,13170,4932,144,5311
882981,4281,4932,144,4829
882982,18661,4932,144,5311
882983,11890,4932,144,5300
882985,8837,4932,144,5651
884378,4318,4932,144,5211
884379,5294,1942,69,5411
884380,6165,4932,144,4112
887939,1842,4343,79,5311
887940,6793,4343,79,3389
887941,6008,4343,79,5311
887943,6008,4343,79,5311
887944,13582,4343,79,5311
889046,5860,2106,16,5411
893805,18217,5178,125,4814
893806,16972,3741,125,5310
893820,4281,3741,125,4829
893821,4198,670,125,7922
893822,5822,2593,16,5977
893831,17014,3559,125,7832
893850,11890,7439,125,5300
893851,11890,6053,125,5300
893852,3043,2547,125,7922
893853,7631,1589,125,4121
897366,1610,2904,125,5094
897371,11787,2904,125,5300
897373,20420,3559,125,4814
897375,11787,2904,125,5300
897392,19716,6502,125,3395
897393,6545,2904,125,7538
897397,3043,2547,125,7922
897398,6431,1853,125,5719
897406,11874,5333,125,3359
897421,5772,3963,125,5651
897422,6014,5147,125,4899
897432,11874,5333,125,3359
897433,11874,5333,125,3359
897434,19716,6502,125,3395
897435,13582,5333,125,5311
897438,13582,5333,125,5311
897439,2875,285,125,5311
897440,13904,2904,125,5651
897454,1610,2904,125,5094
897457,11890,7439,125,5300
897462,15779,285,125,5732
897463,11890,6053,125,5300
908387,11642,4932,144,3722
908389,16956,4932,144,5311
908390,19238,4932,144,5311
908391,4910,4932,144,4131
908392,8572,4932,144,4411
908399,18306,4932,144,5311
908402,5882,4932,144,5942
908404,11642,4932,144,3722
908405,11642,4932,144,3722
908406,1347,4932,144,4411
924056,6431,4932,144,5719
924057,4281,4932,144,4829
924292,5882,4932,144,5942
924293,21294,4932,144,5311
924294,20438,4932,144,3006
924295,13821,4932,144,7801
932123,167,4932,144,5045
932124,20986,2442,96,5712
932125,3944,4587,96,5661
932126,6431,4932,144,5719
932127,6431,4932,144,5719
935942,18802,4932,144,5251
935943,18661,4932,144,5311
937871,15779,4932,144,5732
937872,13169,6926,88,8099
937873,14172,4932,144,5310
937874,5882,4932,144,5942
937875,1966,3795,100,5300
937876,6599,3795,100,5300
937877,3361,1207,88,5411
940233,4281,4932,144,4829
940235,11890,4932,144,5300
940236,20875,4932,144,7801
940237,2421,4932,144,5310
940239,6431,4932,144,5719
940241,10603,4536,100,5300
946972,5506,4932,144,5815
946973,17902,4932,144,5815
955254,9662,5877,57,5651
956356,8145,5877,57,5411
956374,8145,5877,57,5411
956375,836,5877,57,5912
956377,3035,5877,57,7011
956396,15394,5877,57,5045
956407,8145,5877,57,5411
956409,18609,5877,57,5411
956441,7982,5877,57,5970
956464,836,5877,57,5912
958433,13582,5877,57,5311
958435,13582,5877,57,5311
958436,5439,5877,57,5541
958437,21294,5877,57,5311
958438,378,5877,57,5499
958439,8145,5877,57,5411
958440,21294,5877,57,5311
958441,5439,5877,57,5541
958442,2478,5877,57,5712
964321,13872,5877,57,5651
964326,10773,5877,57,5814
964329,21294,5877,57,5311
964330,15394,5877,57,5045
964333,17342,5877,57,5310
964337,378,5877,57,5499
964340,13582,5877,57,5311
965890,11890,4932,144,5300
965891,6793,4932,144,3389
965892,1311,4932,144,5815
965893,4889,4932,144,4214
965899,6793,4932,144,3389
965900,6793,4932,144,3389
966003,6431,4932,144,5719
966004,7497,4932,144,5310
966005,13872,4932,144,5651
966006,11890,4932,144,5300
966048,8837,4932,144,5651
966049,21294,4932,144,5311
966050,882,4932,144,5310
966051,18140,4932,144,5732
966052,19238,4932,144,5311
971256,15476,4932,144,7996
971257,15779,4932,144,5732
971258,1176,4932,144,5045
971259,20420,4932,144,4814
971260,7299,2248,125,5300
971261,18306,4932,144,5311
975607,13552,7268,125,7996
975608,882,4932,144,5310
975609,5506,4932,144,5815
975610,18661,4932,144,5311
978532,5471,1630,125,5733
978533,14172,4932,144,5310
978534,3499,4932,144,4814
978535,2478,4932,144,5719
978536,8572,4932,144,4411
978540,18794,5924,125,5912
978541,13582,4932,144,5311
978542,6165,4932,144,4112
978543,18306,4932,144,5311
978544,11890,4932,144,5300
978639,11099,4932,144,3730
978645,11099,4932,144,3730
978646,11099,4932,144,3730
983752,8088,73,4,5310
983755,2585,73,4,7011
983756,2585,73,4,7011
983770,2585,73,4,7011
983777,21614,73,4,5812
983788,8088,73,4,5310
998703,17048,4932,144,5912
1000993,9818,3724,125,5655
1000994,16374,5856,125,5651
1000995,169,4932,144,3509
1001001,169,4932,144,3509
1001002,169,4932,144,3509
1005075,5506,4932,144,5815
1005076,14507,2209,1,5211
1005077,16261,4932,144,5814
1005078,1442,4932,144,5816
1005079,1311,4932,144,5815
1005529,3035,5877,57,7011
1005530,10136,5877,57,5712
1005531,13582,5877,57,5311
1005532,15394,5877,57,5045
1005533,1842,5877,57,5311
1005534,10136,5877,57,5712
1005535,19246,5877,57,5651
1005536,3071,5877,57,5311
1005540,3035,5877,57,7011
1005541,3035,5877,57,7011
1009464,4868,73,4,5912
1017286,1842,4932,144,5311
1017287,5506,4932,144,5815
1018632,16649,5877,57,4121
1027740,21294,5877,57,5311
1027741,17163,5877,57,5094
1027742,17342,5877,57,5310
1027744,17163,5877,57,5094
1027746,13582,5877,57,5311
1027747,16649,5877,57,4121
1027748,1842,5877,57,5311
1031369,15732,4932,144,3504
1031370,4281,4932,144,4829
1031371,1819,7070,109,5310
1031372,6357,4932,144,4121
1031373,5543,4932,144,5712
1031375,19238,4932,144,5311
1031376,4281,4932,144,4829
1031377,2427,7200,109,5912
1031378,15732,4932,144,3504
1031379,15732,4932,144,3504
1031380,7497,4932,144,5310
1031381,21212,7200,109,5310
1031382,14435,5938,109,5411
1031394,2478,4932,144,5719
1034244,5889,73,4,5411
1035425,15779,4932,144,5732
1035426,21294,4932,144,5311
1035427,19838,5770,109,5712
1035428,9852,4932,144,3640
1035429,16096,1903,109,5411
1035435,9852,4932,144,3640
1035436,9852,4932,144,3640
1037674,4281,4932,144,4829
1037675,13582,4932,144,5311
1037676,18830,6678,109,7832
1037677,19238,4932,144,5311
1054944,13127,5524,44,5812
1054945,16956,4932,144,5311
1054947,8339,4932,144,5311
1054948,5506,4932,144,5815
1054953,6008,4932,144,5311
1054955,1347,4932,144,4411
1054956,18124,4932,144,5814
1054957,12124,4932,144,5651
1054958,11,4932,144,3780
1054959,6431,4932,144,5719
1054961,18140,4932,144,5732
1054963,11,4932,144,3780
1054964,11,4932,144,3780
1056761,6008,4932,144,5311
1056763,11890,4932,144,5300
1059051,13170,4932,144,5311
1059052,6791,4932,144,4121
1062941,15374,4944,16,3596
1062965,15374,4944,16,3596
1062966,15374,4944,16,3596
1067246,17332,4932,144,5912
1067250,2187,3305,130,5912
1067251,515,4932,144,5816
1067252,11570,3305,130,5310
1067253,1842,3305,130,5311
1067260,515,4932,144,5816
1067262,7074,4932,144,3393
1067264,15779,3305,130,5732
1067269,7074,4932,144,3393
1067270,7074,4932,144,3393
1067273,18353,3305,130,5651
1068855,20322,7037,100,5813
1068856,18217,2762,100,4814
1068857,15952,1445,100,5300
1068858,8138,2259,100,5411
1068859,15808,7037,100,5411
1068860,3017,1531,100,7995
1068865,3499,4728,100,4814
1073115,11642,4932,144,3722
1073118,13170,4932,144,5311
1073119,20234,4932,144,5311
1073121,6008,4932,144,5311
1073122,13582,4932,144,5311
1073123,15394,4932,144,5045
1073124,17048,4932,144,5912
1073125,15779,4932,144,5732
1073130,11642,4932,144,3722
1073131,11642,4932,144,3722
1079040,19246,5877,57,5651
1079046,12049,5877,57,5541
1079052,18711,5877,57,5812
1079053,11642,5877,57,3722
1079065,11737,5877,57,5499
1079067,18170,5877,57,5211
1079069,8476,5877,57,5813
1079070,15394,5877,57,5045
1079071,8145,5877,57,5411
1081487,14516,73,4,5094
1081490,14516,73,4,5094
1081494,12742,73,4,5193
1081496,14625,73,4,5921
1083187,1311,4932,144,5815
1083189,4281,1250,16,4829
1083190,5822,4932,144,5977
1083191,4889,4932,144,4214
1083192,2875,4932,144,5311
1083193,16820,4932,144,3075
1084061,1442,4932,144,5816
1084062,5506,4932,144,5815
1084063,20420,4932,144,4814
1084066,13170,4932,144,5311
1084158,9955,7010,16,5651
1084159,2478,4932,144,5719
1084160,19238,4932,144,5311
1093964,2875,4932,144,5311
1093965,17282,3289,16,5310
1093966,958,4789,16,5300
1093967,5506,4932,144,5815
1114901,20661,894,71,5411
1114902,5506,4932,144,5815
1114903,8911,4932,144,3009
1114904,5772,4932,144,5651
1139593,7752,5454,96,5300
1139597,5822,4932,144,5977
1139598,19024,4932,144,7996
1139607,11164,4932,144,3132
1139609,6008,4932,144,5311
1139610,12913,6653,96,5300
1139611,20234,4932,144,5311
1146655,2585,73,4,7011
1148076,15779,4932,144,5732
1148077,11788,4932,144,3000
1148078,9010,4932,144,3260
1148079,9027,4932,144,4411
1148080,11890,4932,144,5300
1148081,4039,6627,96,5651
1148084,17902,4932,144,5815
1149552,5822,4932,144,5977
1151861,6932,4343,79,5912
1151862,4729,4343,79,4121
1151864,6793,4343,79,3389
1151865,12049,4343,79,5541
1157666,4281,4932,144,4829
1157667,11890,4932,144,5300
1157668,10078,50,16,5310
1157669,6008,4932,144,5311
1164608,4281,4932,144,4829
1164614,7630,504,16,7995
1164615,20234,4932,144,5311
1164616,18965,4932,144,5193
1175356,2875,4932,144,5311
1175357,16956,4932,144,5311
1175358,4281,4932,144,4829
1179097,9791,4932,144,4131
1179098,3634,4932,144,3256
1179100,6165,4932,144,4112
1179101,18140,4932,144,5732
1179102,7497,4932,144,5310
1179103,21294,4932,144,5311
1179104,6165,4932,144,4112
1179105,14172,4932,144,5310
1179106,5772,4932,144,5651
1179107,17409,4932,144,4214
1179110,17463,4932,144,5045
1179111,17187,4932,144,5045
1179112,11890,4932,144,5300
1179113,5867,4932,144,5912
1179114,6357,4932,144,4121
1179115,169,4932,144,3509
1179120,169,4932,144,3509
1179121,169,4932,144,3509
1186047,882,4932,144,5310
1186051,16972,4932,144,5310
1186057,15779,4932,144,5732
1186058,16972,4932,144,5310
1186060,11890,4932,144,5300
1186061,15476,4932,144,7996
1186062,2421,4932,144,5310
1186063,14629,4932,144,3405
1186064,1311,4932,144,5815
1186070,14629,4932,144,3405
1186071,14629,4932,144,3405
1186827,5506,4932,144,5815
1186828,3842,4932,144,5712
1186829,1311,4932,144,5815
1186830,12706,4932,144,5733
1186831,4281,4932,144,4829
1186832,12173,4932,144,5094
1186833,3556,4932,144,7832
1186835,16796,4932,144,7922
1186836,2421,4932,144,5310
1186837,1377,4932,144,7801
1186838,4281,4932,144,4829
1186839,11890,4932,144,5300
1186840,7105,4932,144,3390
1186842,20875,4932,144,7801
1186843,16972,4932,144,5310
1186844,14967,4932,144,4814
1186856,7105,4932,144,3390
1186857,7105,4932,144,3390
1190402,15394,4932,144,5045
1192480,169,4932,144,3509
1192481,4281,4932,144,4829
1192482,11890,4932,144,5300
1192483,11890,4932,144,5300
1192490,169,4932,144,3509
1192491,169,4932,144,3509
1198702,13582,5877,57,5311
1198705,13582,5877,57,5311
1198708,10290,5877,57,5621
1198709,1842,5877,57,5311
1198722,8145,5877,57,5411
1198730,17342,5877,57,5310
1198731,3071,5877,57,5311
1198735,13582,5877,57,5311
1198741,21294,5877,57,5311
1204948,11890,4932,144,5300
1204949,11890,4932,144,5300
1204950,5506,4932,144,5815
1209720,13170,4932,144,5311
1209878,4281,4932,144,4829
1215857,5506,4932,144,5815
1215859,11890,4932,144,5300
1215860,11890,4932,144,5300
1215861,4889,4932,144,4214
1218120,8789,5349,3,5310
1218121,13821,4932,144,7801
1218122,4281,4932,144,4829
1218123,18661,4932,144,5311
1218124,456,5349,3,5411
1218125,5850,2593,3,5411
1218126,13508,5349,3,5310
1218720,17332,4932,144,5912
1218721,16601,4932,144,5912
1218722,21256,5524,44,5947
1218723,17833,5524,44,5310
1218724,18140,4932,144,5732
1218725,18661,4932,144,5311
1218726,5149,5524,44,5094
1218727,14257,4932,144,4722
1218729,17332,4932,144,5912
1218730,9662,4932,144,5651
1218731,9296,5524,44,5813
1218732,9296,5524,44,5813
1218733,9852,4932,144,3640
1218739,9852,4932,144,3640
1218740,9852,4932,144,3640
1239031,17902,4932,144,5815
1239034,11581,4932,144,5814
1239035,2478,4932,144,5719
1239036,11890,4932,144,5300
1242178,19238,4932,144,5311
1242179,13532,4932,144,5814
1242180,15674,4932,144,5732
1242281,14967,4932,144,4814
1242282,17458,4932,144,9402
1242283,20234,4932,144,5311
1242284,13767,4932,144,4722
1242289,13767,4932,144,4722
1242290,13767,4932,144,4722
1248023,1842,5877,57,5311
1248030,3071,5877,57,5311
1248037,4551,5877,57,5814
1248039,11874,5877,57,3359
1248042,1842,5877,57,5311
1248046,9662,5877,57,5651
1248048,20438,5877,57,3006
1248395,21614,73,4,5812
1248407,15792,73,4,5651
1248409,2585,73,4,7011
1248414,8088,73,4,5310
1248431,2585,73,4,7011
1252750,11642,4932,144,3722
1252752,8911,4932,144,3009
1252753,1377,4932,144,7801
1252754,2645,4932,144,5251
1252755,11890,4932,144,5300
1252756,2421,4932,144,5310
1252758,9981,4932,144,5733
1252759,11890,4932,144,5300
1252760,16972,4932,144,5310
1252761,11642,4932,144,3722
1252762,11642,4932,144,3722
1255735,2469,4932,144,5712
1255736,19039,6627,96,5411
1255737,11890,4932,144,5300
1255738,19039,6627,96,5411
1255740,17392,6627,96,5211
1255741,5506,4932,144,5815
1255742,1347,4932,144,4411
1255743,12380,6656,96,7995
1255744,21544,6627,96,5921
1255745,17392,6627,96,5211
1255746,3499,4932,144,4814
1255747,5506,4932,144,5815
1255748,2421,4932,144,5310
1255749,11788,4932,144,3000
1255752,13872,4932,144,5651
1255753,17902,4932,144,5815
1255756,12380,6656,96,7995
1255757,20066,4932,144,7996
1258237,4868,73,4,5912
1258238,20350,73,4,5211
1258239,2585,73,4,7011
1258240,2585,73,4,7011
1258405,2875,4932,144,5311
1258406,3623,2384,34,5812
1258407,16972,4932,144,5310
1258408,6431,4932,144,5719
1258409,4281,4932,144,4829
1258410,14172,4932,144,5310
1258411,6008,4932,144,5311
1258412,19238,4932,144,5311
1260212,3071,4932,144,5311
1260213,5165,4932,144,5193
1260217,2478,4932,144,5719
1260218,11890,4932,144,5300
1262917,169,5877,57,3509
1262918,1842,5877,57,5311
1262919,6793,5877,57,3389
1262920,13358,5877,57,5921
1262925,15394,5877,57,5045
1262926,19246,5877,57,5651
1262930,5439,5877,57,5541
1262931,12049,5877,57,5541
1262934,836,5877,57,5912
1262935,11874,5877,57,3359
1262936,6793,5877,57,3389
1262939,6793,5877,57,3389
1262940,13582,5877,57,5311
1262941,18609,5877,57,5411
1263900,5652,2384,34,5411
1263901,3556,4932,144,7832
1263902,5506,4932,144,5815
1263903,13582,4932,144,5311
1263904,1480,4932,144,3058
1263905,21294,4932,144,5311
1263906,2875,4932,144,5311
1264482,11728,638,34,5411
1264879,16601,4932,144,5912
1264880,2875,4932,144,5311
1264881,803,5524,44,5912
1264882,8339,4932,144,5311
1264883,21294,4932,144,5311
1265128,1377,4932,144,7801
1265129,3071,4932,144,5311
1265130,15779,4932,144,5732
1265131,7982,4932,144,5970
1265132,11890,4932,144,5300
1265133,2918,4932,144,7832
1265134,19238,4932,144,5311
1265135,11890,4932,144,5300
1265136,17187,4932,144,5045
1265137,11564,6627,96,5094
1265138,16972,4932,144,5310
1265180,6165,4932,144,4112
1265181,5772,4932,144,5651
1265183,18124,4932,144,5814
1265184,1480,4932,144,3058
1265185,20234,4932,144,5311
1265186,21294,4932,144,5311
1265187,17902,4932,144,5815
1269467,11,4932,144,3780
1269468,5138,4932,144,7801
1269469,2478,4932,144,5719
1269470,11890,4932,144,5300
1269472,11,4932,144,3780
1269473,11,4932,144,3780
1270286,16796,4932,144,7922
1270287,4281,4932,144,4829
1270288,11890,4932,144,5300
1270289,2421,4932,144,5310
1272869,20165,722,69,5912
1272870,11890,3103,69,5300
1272871,19754,5477,69,5411
1272872,18184,5123,69,5912
1272873,515,2486,69,5816
1272874,4281,3717,69,4829
1272875,20428,16,69,4121
1272876,4281,193,69,4829
1274118,14104,7455,69,5310
1274119,2478,4932,144,5719
1274120,1842,4932,144,5311
1274122,6753,7174,69,5921
1276461,6061,4932,144,7832
1276462,5825,7455,69,5651
1276463,4281,4932,144,4829
1276467,16005,722,69,7210
1276469,4281,4932,144,4829
1276470,7851,1187,69,5651
1276475,11890,4932,144,5300
1287984,20038,4932,144,5310
1287985,7105,4932,144,3390
1287986,9932,7455,69,5921
1287989,7105,4932,144,3390
1287990,7105,4932,144,3390
1287994,4281,4932,144,4829
1287995,19754,5477,69,5411
1287996,5506,4932,144,5815
1288003,18802,4932,144,5251
1288004,20583,3694,69,5733
1288005,5506,4932,144,5815
1288006,18856,722,69,5812
1291019,14172,4932,144,5310
1291020,18140,4932,144,5732
1291021,15779,4932,144,5732
1291022,13395,7115,49,5094
1291023,12244,3570,49,5712
1291024,17298,1217,49,5812
1291410,8145,5877,57,5411
1291411,3071,5877,57,5311
1291412,13210,5877,57,5932
1291413,836,5877,57,5912
1291414,8145,5877,57,5411
1291415,17163,5877,57,5094
1291416,11642,5877,57,3722
1291417,11642,5877,57,3722
1291418,11642,5877,57,3722
1291990,15792,73,4,5651
1291992,5889,73,4,5411
1291993,14516,73,4,5094
1291995,2585,73,4,7011
1294419,2585,73,4,7011
1294422,15792,73,4,5651
1294424,2585,73,4,7011
1294425,8088,73,4,5310
1294793,11788,4932,144,3000
1294794,19238,4932,144,5311
1294795,4281,4932,144,4829
1294796,16956,4932,144,5311
1299261,5543,4932,144,5712
1299262,11890,4932,144,5300
1299263,18802,4932,144,5251
1299264,11890,4932,144,5300
1299265,15886,4932,144,5816
1299266,18306,4932,144,5311
1299267,8911,4932,144,3009
1299268,7497,4932,144,5310
1299269,12173,4932,144,5094
1299360,18661,4932,144,5311
1299361,16243,6875,59,5921
1299362,21435,6875,59,5651
1299363,9027,4932,144,4411
1299364,2421,4932,144,5310
1299365,1139,4932,144,3771
1299370,15674,4932,144,5732
1299371,2478,4932,144,5719
1299372,1139,4932,144,3771
1299373,1139,4932,144,3771
1303554,6357,4932,144,4121
1303555,7828,5524,44,5921
1303556,6165,4932,144,4112
1303557,1311,4932,144,5815
1305083,1139,4932,144,3771
1305085,1139,4932,144,3771
1305086,1139,4932,144,3771
1307965,17187,4932,144,5045
1307966,20234,4932,144,5311
1307967,2875,4932,144,5311
1307968,19238,4932,144,5311
1307969,13170,4932,144,5311
1307970,20038,4932,144,5310
1307971,1842,4932,144,5311
1307972,17187,4932,144,5045
1307974,18802,4932,144,5251
1307975,882,4932,144,5310
1307976,16956,4932,144,5311
1310801,20633,6464,91,5300
1310803,11890,4932,144,5300
1310804,4281,4932,144,4829
1310806,4281,4932,144,4829
1313592,8975,2199,88,5621
1313593,4889,4932,144,4214
1313594,11890,4932,144,5300
1313595,4281,4932,144,4829
1313755,21294,4932,144,5311
1313756,11890,4932,144,5300
1313757,4281,4932,144,4829
1313758,1442,4932,144,5816
1315183,17048,4932,144,5912
1315184,11890,4932,144,5300
1315185,15779,4932,144,5732
1315186,11890,4932,144,5300
1315187,8572,4932,144,4411
1315188,2478,4932,144,5719
1315189,1311,4932,144,5815
1315190,20038,4932,144,5310
1315192,17332,4932,144,5912
1315193,6008,4932,144,5311
1315194,2421,4932,144,5310
1315195,11890,4932,144,5300
1315196,803,5524,44,5912
1315197,15340,5524,44,5712
1315198,2875,4932,144,5311
1315199,7828,5524,44,5921
1315200,6008,4932,144,5311
1316872,6008,4932,144,5311
1316874,11322,1051,84,7996
1316875,15779,4932,144,5732
1316876,7497,4932,144,5310
1316877,2875,4932,144,5311
1316878,7497,1155,84,5310
1316881,11890,4932,144,5300
1317837,15476,4932,144,7996
1317838,9852,4932,144,3640
1317844,9852,4932,144,3640
1317845,9852,4932,144,3640
1321119,16649,5877,57,4121
1321263,2478,4343,79,5719
1321274,1842,4343,79,5311
1321289,2478,4343,79,5719
1321305,11874,4343,79,3359
1321404,4729,4343,79,4121
1332255,6008,4932,144,5311
1332256,14219,4932,144,7801
1332258,19024,4932,144,7996
1332259,14629,4932,144,3405
1332262,14629,4932,144,3405
1332263,14629,4932,144,3405
1336303,5700,1258,49,4121
1336304,4281,4932,144,4829
1342158,8837,4932,144,5651
1342160,515,4932,144,5816
1342161,20420,4932,144,4814
1342162,967,6699,16,5921
1342163,1940,6555,16,5300
1342164,2875,4932,144,5311
1351870,14516,73,4,5094
1355699,7105,4932,144,3390
1355700,2875,4932,144,5311
1355708,7105,4932,144,3390
1355709,7105,4932,144,3390
1357072,4281,4932,144,4829
1357073,6008,4932,144,5311
1357074,2875,4932,144,5311
1357076,1842,4932,144,5311
1357077,20234,4932,144,5311
1357079,14967,4932,144,4814
1357080,6072,6627,96,5310
1357081,10564,6627,96,5300
1357082,4281,4932,144,4829
1357087,11890,4932,144,5300
1357088,15779,4932,144,5732
1357089,4281,4932,144,4829
1357091,18306,4932,144,5311
1360909,1842,4343,79,5311
1360926,6932,4343,79,5912
1360927,1176,4343,79,5045
1360928,6688,4343,79,5211
1360933,6008,4343,79,5311
1362258,504,13,94,5651
1362262,11737,13,94,5499
1362263,11737,13,94,5499
1362264,15080,13,94,5411
1362267,8925,13,94,5310
1362277,8925,13,94,5310
1362669,17382,504,16,7922
1366870,16859,4328,50,5921
1366871,4281,4932,144,4829
1366872,2918,4932,144,7832
1366874,2478,4932,144,5719
1366875,8572,4932,144,4411
1369098,18802,4932,144,5251
1369099,17048,4932,144,5912
1369101,1454,4932,144,5311
1369104,6357,4932,144,4121
1369105,11890,4932,144,5300
1369110,17833,5524,44,5310
1369112,18661,4932,144,5311
1369113,1454,4932,144,5311
1372202,11099,4932,144,3730
1372212,11099,4932,144,3730
1372213,11099,4932,144,3730
1378448,5506,4932,144,5815
1378449,10843,4924,71,5300
1378450,15779,4932,144,5732
1378457,882,4932,144,5310
1378459,17409,4932,144,4214
1378460,2875,4932,144,5311
1378770,1879,7583,71,7349
1378771,11788,4932,144,3000
1378772,4375,6769,71,7538
1378774,9224,7583,71,5912
1378775,17458,4932,144,9402
1378776,4281,4932,144,4829
1378777,4281,4932,144,4829
1379899,1377,4932,144,7801
1379901,17902,4932,144,5815
1379902,9272,4932,144,4511
1379903,5506,4932,144,5815
1379904,19238,4932,144,5311
1379905,18802,4932,144,5251
1379906,10564,6627,96,5300
1379907,2875,4932,144,5311
1379908,4340,4932,144,5045
1379909,6357,4932,144,4121
1379910,3499,4932,144,4814
1380535,20038,4932,144,5310
1380536,1330,4912,71,5094
1380537,14043,4912,71,5211
1380539,17902,4932,144,5815
1380540,6221,4924,71,7996
1388234,771,4932,144,3005
1388235,14967,4932,144,4814
1388236,19238,4932,144,5311
1388237,20044,5458,71,5812
1388238,15779,4932,144,5732
1388239,7497,4932,144,5310
1394283,7497,504,16,5310
1398651,18140,4932,144,5732
1398652,18661,4932,144,5311
1398654,1230,3305,130,5211
1398658,1842,3305,130,5311
1398659,12265,3305,130,5411
1398663,1442,4932,144,5816
1398665,5969,4932,144,3008
1398678,18306,4932,144,5311
1408824,12173,4932,144,5094
1408825,3807,2904,125,7995
1408826,16318,7664,125,7542
1408827,11787,2904,125,5300
1408829,9727,2632,125,5300
1408830,17902,4932,144,5815
1411908,882,4932,144,5310
1411909,1139,4932,144,3771
1411910,13170,4932,144,5311
1411911,2875,4932,144,5311
1411912,15674,4932,144,5732
1411913,6357,4932,144,4121
1411914,18965,4932,144,5193
1411915,11581,4932,144,5814
1411916,5822,4932,144,5977
1411917,1139,4932,144,3771
1411918,1139,4932,144,3771
1411919,11890,4932,144,5300
1411920,7497,4932,144,5310
1411921,2875,4932,144,5311
1411922,17833,5524,44,5310
1411923,2875,4932,144,5311
1411924,6008,4932,144,5311
1414083,19238,4932,144,5311
1414084,15075,2904,125,5912
1414085,11890,4932,144,5300
1417447,11099,7161,43,3730
1417448,13582,5333,125,5311
1417450,18661,4932,144,5311
1421481,2875,4932,144,5311
1421482,11890,4932,144,5300
1429643,798,4683,47,3387
1429644,798,4683,47,3387
1429645,798,4683,47,3387
1429646,21589,5133,47,5411
1429653,11737,735,47,5499
1429654,11737,735,47,5499
1429655,5827,2890,47,5411
1429656,15779,1323,47,5732
1429660,2875,3404,47,5311
1429668,7618,2890,47,5300
1429669,11890,1108,47,5300
1429965,7826,1000,125,5932
1429966,20438,4932,144,3006
1429967,11890,4932,144,5300
1429968,4281,4932,144,4829
1429969,6431,4932,144,5719
1429970,18661,4932,144,5311
1429971,5822,4932,144,5977
1430488,1842,5877,57,5311
1430489,21294,5877,57,5311
1430490,15394,5877,57,5045
1430493,16649,5877,57,4121
1430494,13210,5877,57,5932
1430495,1842,5877,57,5311
1430496,2478,5877,57,5712
1430497,21294,5877,57,5311
1433462,16067,896,125,5411
1433463,15674,4932,144,5732
1433465,6793,4932,144,3389
1433466,18014,896,125,5310
1433471,6793,4932,144,3389
1433473,6793,4932,144,3389
1442817,882,4932,144,5310
1442819,17727,4932,144,7801
1450155,17902,4932,144,5815
1450157,17151,2439,28,5211
1470990,15886,4932,144,5816
1470991,18306,4932,144,5311
1470992,6008,4932,144,5311
1470993,1442,4932,144,5816
1470994,15240,4932,144,5733
1470995,11890,4932,144,5300
1470996,17902,4932,144,5815
1471003,20038,4932,144,5310
1471004,8837,4932,144,5651
1471006,15779,4932,144,5732
1471007,19238,4932,144,5311
1471008,3071,4932,144,5311
1484154,8572,4932,144,4411
1484155,6431,4932,144,5719
1484156,16956,4932,144,5311
1484158,4281,4932,144,4829
1507906,19238,4932,144,5311
1507907,16956,4932,144,5311
1507908,13872,4932,144,5651
1507910,16272,4932,144,3775
1507911,19238,4932,144,5311
1507933,16272,4932,144,3775
1507934,16272,4932,144,3775
1527482,4281,4932,144,4829
1527483,20412,4932,144,4131
1527484,17048,4932,144,5912
1527485,5197,6009,48,5651
1527487,20404,4932,144,3144
1527488,4281,4932,144,4829
1527489,11890,4932,144,5300
1527490,5506,4932,144,5815
1527491,14629,4932,144,3405
1527492,771,4932,144,3005
1527500,14629,4932,144,3405
1527501,14629,4932,144,3405
1527656,11612,4932,144,7922
1527657,2875,4932,144,5311
1527658,4281,4932,144,4829
1533661,20350,73,4,5211
1534406,20234,4932,144,5311
1534407,2478,4932,144,5712
1534408,20038,4932,144,5310
1534411,2421,4932,144,5310
1534412,2875,4932,144,5311
1534413,8339,4932,144,5311
1543060,16972,4932,144,5310
1543061,11099,4932,144,3730
1543066,5969,4932,144,3008
1543070,11099,4932,144,3730
1543071,11099,4932,144,3730
1543078,6165,4932,144,4112
1543079,2875,4932,144,5311
1543085,3842,4932,144,5712
1543086,15779,4932,144,5732
1543087,11890,4932,144,5300
1543092,6431,4932,144,5719
1543094,1842,4932,144,5311
1543096,2469,4932,144,5712
1543101,17332,4932,144,5912
1543105,15902,2479,131,5094
1543106,1842,4932,144,5311
1545770,19024,4932,144,7996
1545771,15779,4932,144,5732
1545774,11890,4932,144,5300
1545776,11890,4932,144,5300
1545777,4281,4932,144,4829
1545778,2875,4932,144,5311
1545780,12124,4932,144,5651
1545781,599,2268,48,5300
1548510,8911,5877,57,3009
1548511,17342,5877,57,5310
1548514,378,5877,57,5499
1548516,378,5877,57,5499
1548518,13872,5877,57,5651
1548519,17342,5877,57,5310
1548520,17342,5877,57,5310
1548522,3071,5877,57,5311
1548523,13582,5877,57,5311
1548524,16820,5877,57,3075
1548525,3071,5877,57,5311
1555934,2478,4932,144,5719
1555935,19238,4932,144,5311
1555937,1454,4932,144,5311
1569553,1842,5877,57,5311
1569555,18609,5877,57,5411
1569556,1842,5877,57,5311
1569557,16649,5877,57,4121
1569562,1842,5877,57,5311
1574819,4318,4932,144,5211
1574820,13170,4932,144,5311
1574821,15779,4932,144,5732
1574822,8899,4932,144,3684
1574824,1176,4932,144,5045
1574832,8899,4932,144,3684
1574833,8899,4932,144,3684
1577824,1842,5877,57,5311
1577825,15394,5877,57,5045
1577826,17342,5877,57,5310
1577827,3071,5877,57,5311
1577828,17342,5877,57,5310
1577829,8476,5877,57,5813
1577837,5439,5877,57,5541
1577839,8145,5877,57,5411
1577846,8145,5877,57,5411
1577848,13210,5877,57,5932
1585154,15193,4,69,7011
1585155,3071,4932,144,5311
1585156,6562,7,69,5310
1585158,17332,4932,144,5912
1585159,9662,4932,144,5651
1585160,6763,442,69,5300
1586530,11890,4932,144,5300
1586531,11890,4932,144,5300
1586532,18661,4932,144,5311
1586533,13170,4932,144,5311
1586535,2875,4932,144,5311
1586536,515,4932,144,5816
1586537,4889,4932,144,4214
1586538,11890,4932,144,5300
1590953,8339,4932,144,5311
1590954,4281,4932,144,4829
1590955,6562,7,69,5310
1591489,6562,7,69,5310
1591490,12173,4932,144,5094
1591491,4281,4932,144,4829
1615740,11612,4932,144,7922
1615742,3071,4932,144,5311
1615744,16272,4932,144,3775
1615745,18802,4932,144,5251
1615757,16272,4932,144,3775
1615758,16272,4932,144,3775
1621025,17458,4932,144,9402
1628138,17902,4932,144,5815
1628139,10446,7463,125,5411
1628140,4281,4932,144,4829
1628144,2645,4932,144,5251
1628145,3723,864,125,5912
1628147,18140,4932,144,5732
1633779,4128,7558,125,5921
1633780,11890,4932,144,5300
1633781,11890,4932,144,5300
1651288,13582,5877,57,5311
1651338,15394,5877,57,5045
1651349,17342,5877,57,5310
1651350,13210,5877,57,5932
1651352,15732,5877,57,3504
1651373,21294,5877,57,5311
1651374,10136,5877,57,5712
1651378,9662,5877,57,5651
1651380,17163,5877,57,5094
1651381,10136,5877,57,5712
1651392,13582,5877,57,5311
1651400,13582,5877,57,5311
1651436,12049,5877,57,5541
1651442,18609,5877,57,5411
1664683,15779,4932,144,5732
1664684,11890,4932,144,5300
1664685,13170,4932,144,5311
1664689,18306,4932,144,5311
1665421,11890,4932,144,5300
1665422,3842,4932,144,5712
1665423,6357,4932,144,4121
1668303,7982,4932,144,5970
1668304,1454,4932,144,5311
1668305,18965,4932,144,5193
1668307,3071,4932,144,5311
1672076,17992,4932,144,3066
1672077,9272,4932,144,4511
1672078,8339,4932,144,5311
1672080,6431,4932,144,5719
1672081,20234,4932,144,5311
1672085,11890,4932,144,5300
1672089,17902,4932,144,5815
1672092,798,4932,144,3387
1672093,5928,4932,144,4411
1672096,798,4932,144,3387
1672097,798,4932,144,3387
1672098,20011,2479,131,5912
1675734,18661,4932,144,5311
1675735,17458,4932,144,9402
1675736,11890,4932,144,5300
1675737,12173,4932,144,5094
1675738,15942,2619,69,5300
1682762,5506,4932,144,5815
1682763,9662,4932,144,5651
1682764,14172,4932,144,5310
1682765,11642,4932,144,3722
1682766,5506,4932,144,5815
1682767,15942,2619,69,5300
1682773,11642,4932,144,3722
1682774,11642,4932,144,3722
1683417,15792,73,4,5651
1683421,2585,73,4,7011
1683422,15792,73,4,5651
1683423,2585,73,4,7011
1686711,8088,73,4,5310
1686728,5889,73,4,5411
1686734,20706,73,4,5712
1694429,10564,6627,96,5300
1694430,3842,4932,144,5712
1694431,17458,4932,144,9402
1694432,11890,4932,144,5300
1694433,18661,4932,144,5311
1694435,4281,4932,144,4829
1694439,11874,4932,144,3359
1694440,5867,4932,144,5912
1694442,11874,4932,144,3359
1694443,11874,4932,144,3359
1701926,9946,3042,71,5812
1701927,13532,4932,144,5814
1701928,5902,3042,71,5411
1701929,14122,3264,71,5651
1701930,7497,4932,144,5310
1702135,11890,4932,144,5300
1702136,2478,4932,144,5719
1702138,1842,4932,144,5311
1702139,9384,4932,144,3001
1702140,11890,4932,144,5300
1702141,4910,4932,144,4131
1702142,20038,4932,144,5310
1702144,7982,4932,144,5970
1702145,4419,4932,144,5533
1702146,11890,4932,144,5300
1702815,4889,4932,144,4214
1702816,12173,4932,144,5094
1702817,13872,4932,144,5651
1702818,16956,4932,144,5311
1702819,15732,4932,144,3504
1702820,4281,4932,144,4829
1702821,10564,6627,96,5300
1702822,13926,6627,96,4121
1702823,18306,4932,144,5311
1702824,9027,4932,144,4411
1702825,8572,4932,144,4411
1702826,11890,4932,144,5300
1702827,11890,4932,144,5300
1702828,15732,4932,144,3504
1702829,15732,4932,144,3504
1706345,11890,4932,144,5300
1706346,11890,4932,144,5300
1706347,11545,2838,71,5193
1706348,8339,4932,144,5311
1706349,8339,4932,144,5311
1706350,2469,4932,144,5712
1706351,15674,4932,144,5732
1706358,11890,4932,144,5300
1706359,17332,4932,144,5912
1706360,20611,4932,144,4899
1706361,10777,7413,71,5411
1706362,11890,4932,144,5300
1706363,17902,4932,144,5815
1706782,1311,4932,144,5815
1706783,16972,4932,144,5310
1715171,14571,504,16,5712
1729178,4889,4932,144,4214
1729180,169,4932,144,3509
1729181,17833,5524,44,5310
1729182,4340,4932,144,5045
1729184,11890,4932,144,5300
1729188,16261,4932,144,5814
1729189,13582,4932,144,5311
1729190,8339,4932,144,5311
1729191,19238,4932,144,5311
1729192,5867,4932,144,5912
1729193,803,5524,44,5912
1729194,2478,4932,144,5719
1729196,18661,4932,144,5311
1729197,13747,5524,44,5621
1729203,169,4932,144,3509
1729204,169,4932,144,3509
1732070,2875,5908,91,5311
1732072,8343,4932,144,4411
1732074,12173,4932,144,5094
1732075,10744,4932,144,4131
1732077,21626,4762,91,5211
1748403,4281,4932,144,4829
1748404,3071,4932,144,5311
1748405,4281,4932,144,4829
1748406,11890,4932,144,5300
1748407,2478,4932,144,5719
1748408,2478,4932,144,5719
1748409,18965,4932,144,5193
1748411,11890,4932,144,5300
1784346,17332,4932,144,5912
1784347,14394,7604,140,5300
1784348,20886,3526,140,5655
1788867,4281,4932,144,4829
1788868,13170,4932,144,5311
1788869,1139,4932,144,3771
1788870,1159,6208,140,7832
1788880,1139,4932,144,3771
1788881,1139,4932,144,3771
1795484,17187,4932,144,5045
1795485,4281,4932,144,4829
1795584,11890,4932,144,5300
1795585,11521,712,34,5813
1795586,4101,6749,34,5300
1795588,12483,711,34,5912
1802795,16820,4932,144,3075
1802796,4281,4932,144,4829
1802797,18661,4932,144,5311
1802799,882,4932,144,5310
1802800,9662,4932,144,5651
1806062,20234,4932,144,5311
1806063,11933,5524,44,5193
1806067,7828,5524,44,5921
1806068,6008,4932,144,5311
1806069,11607,5524,44,7210
1806070,14257,4932,144,4722
1806071,1320,5524,44,7011
1806073,5969,4932,144,3008
1806074,8445,5524,44,4121
1806088,1320,5524,44,7011
1806089,1320,5524,44,7011
1806090,14257,4932,144,4722
1806091,14257,4932,144,4722
1807002,8339,4932,144,5311
1807004,4281,4932,144,4829
1807006,15779,4932,144,5732
1807007,6008,4932,144,5311
1807009,13380,7032,3,5310
1807010,18170,4932,144,5211
1828546,17902,4932,144,5815
1828547,16956,4932,144,5311
1828548,3071,1287,124,5311
1828552,21294,4932,144,5311
1828553,17332,4932,144,5912
1828561,14165,742,124,5912
1829595,21294,4932,144,5311
1829596,5165,4932,144,5193
1829597,16072,742,124,5211
1829598,20234,4932,144,5311
1829599,12173,4932,144,5094
1829600,2478,4932,144,5719
1829601,5822,4932,144,5977
1829602,21294,4932,144,5311
1829603,5772,4932,144,5651
1829604,5822,4932,144,5977
1829606,4281,4932,144,4829
1836179,12265,3305,130,5411
1836181,5772,4932,144,5651
1836182,17048,4932,144,5912
1836183,14257,4932,144,4722
1836191,18306,4932,144,5311
1836194,1311,4932,144,5815
1836197,12265,3305,130,5411
1836198,12265,3305,130,5411
1836199,1842,3305,130,5311
1836200,1230,3305,130,5211
1837938,4868,73,4,5912
1837940,14516,73,4,5094
1837941,14516,73,4,5094
1837942,6798,73,4,5621
1843096,20415,742,124,5812
1843097,4281,4932,144,4829
1843099,12173,4932,144,5094
1843100,16956,4932,144,5311
1843101,20420,4932,144,4814
1843102,17048,4932,144,5912
1843103,17698,648,124,5813
1843104,11890,4932,144,5300
1843274,15674,4932,144,5732
1843275,17097,742,124,5921
1843276,16206,742,124,5921
1843277,5506,4932,144,5815
1856343,5889,73,4,5411
1856350,21614,73,4,5812
1856352,15685,73,4,7210
1857498,18306,4932,144,5311
1857499,11890,4932,144,5300
1861235,20234,4932,144,5311
1861236,13767,4932,144,4722
1861239,5506,4932,144,5815
1861240,6072,6627,96,5310
1861241,4281,4932,144,4829
1861242,4281,4932,144,4829
1861243,17902,4932,144,5815
1861244,11581,4932,144,5814
1861245,4281,4932,144,4829
1861247,16796,4932,144,7922
1862397,6008,4932,144,5311
1862398,15779,4932,144,5732
1862402,1311,4932,144,5815
1862403,19454,858,49,5411
1862404,9456,6361,49,5733
1862405,18306,4932,144,5311
1862406,20234,4932,144,5311
1862407,14279,7441,49,5300
1862410,12191,3443,49,5094
1865496,11737,13,94,5499
1865509,15080,13,94,5411
1865525,169,13,94,3509
1865539,169,13,94,3509
1865542,20636,13,94,5921
1865545,8925,13,94,5310
1865557,5150,13,94,5813
1865558,15080,13,94,5411
1865568,6120,13,94,5211
1877178,18306,4932,144,5311
1877179,16972,4932,144,5310
1877180,6165,4932,144,4112
1885119,17902,4932,144,5815
1885120,5506,4932,144,5815
1885121,16972,4932,144,5310
1885122,17332,4932,144,5912
1885123,11890,4932,144,5300
1885345,6165,4932,144,4112
1885346,9010,4932,144,3260
1888024,13821,4932,144,7801
1900952,13582,5877,57,5311
1900954,4889,5877,57,4214
1900956,8899,5877,57,3684
1900963,3035,5877,57,7011
1900972,18609,5877,57,5411
1900973,3071,5877,57,5311
1900983,17342,5877,57,5310
1900987,9662,5877,57,5651
1900993,3071,5877,57,5311
1901000,13582,5877,57,5311
1901001,20169,5877,57,5661
1901002,18609,5877,57,5411
1901003,17342,5877,57,5310
1903400,11890,4932,144,5300
1903401,11890,4932,144,5300
1903402,1357,6207,88,5310
1903403,2421,4932,144,5310
1912533,20706,73,4,5712
1912536,2585,73,4,7011
1912542,5889,73,4,5411
1915285,16956,4932,144,5311
1915286,11775,7335,88,8099
1915289,3298,7335,88,5921
1915290,3298,7335,88,5921
1915291,9577,4932,144,4899
1921829,11890,4932,144,5300
1921830,18217,4932,144,4814
1921831,6357,4932,144,4121
1921854,12173,4932,144,5094
1921855,19931,7335,88,5411
1923635,5439,1729,86,5541
1923636,5439,1729,86,5541
1923637,5439,1729,86,5541
1941201,4281,4932,144,4829
1946712,1454,4932,144,5311
1946794,14172,4932,144,5310
1946795,20234,4932,144,5311
1946796,11890,4932,144,5300
1946797,20081,6441,16,5912
1952365,2706,4932,144,5814
1952366,19024,4932,144,7996
1952465,17332,4932,144,5912
1952466,16972,4932,144,5310
1952467,1842,4932,144,5311
1952468,3499,4932,144,4814
1952469,4281,4932,144,4829
1952503,4281,4932,144,4829
1952505,18661,4932,144,5311
1952506,8812,3934,16,5651
1952508,1442,4932,144,5816
1956329,18609,5877,57,5411
1956330,8899,5877,57,3684
1956331,6793,5877,57,3389
1956334,17342,5877,57,5310
1956335,12049,5877,57,5541
1956336,6137,5877,57,5733
1956338,836,5877,57,5912
1956339,17163,5877,57,5094
1956342,836,5877,57,5912
1956345,9512,5877,57,5193
1956346,16649,5877,57,4121
1956347,15394,5877,57,5045
1956349,8476,5877,57,5813
1956350,13582,5877,57,5311
1958014,15779,4932,144,5732
1958015,4281,4932,144,4829
1958016,18661,4932,144,5311
1958058,4281,4932,144,4829
1958059,9384,4932,144,3001
1958061,2478,4932,144,5719
1958063,18306,4932,144,5311
1958064,11099,4932,144,3730
1958067,11099,4932,144,3730
1958068,11099,4932,144,3730
1958788,6431,4932,144,5719
1958789,2421,4932,144,5310
1958790,11890,4932,144,5300
1958791,8445,5524,44,4121
1958792,5506,4932,144,5815
1958793,6008,4932,144,5311
1958794,5969,4932,144,3008
1958795,5506,4932,144,5815
1960488,12094,6016,72,5300
1960489,20741,6016,72,5310
1960490,5932,6016,72,5912
1960491,18802,4932,144,5251
1960492,2875,4932,144,5311
1960493,16972,4932,144,5310
1960494,4281,4932,144,4829
1960495,15779,4932,144,5732
1960496,11890,4932,144,5300
1960497,15886,4932,144,5816
1964953,5867,4932,144,5912
1964955,16601,4932,144,5912
1964956,12173,4932,144,5094
1964957,20038,4932,144,5310
1964958,4281,4932,144,4829
1964959,8837,4932,144,5651
1964961,17458,4932,144,9402
1972406,20169,485,16,5661
1972407,3556,504,16,7832
1988499,5506,4932,144,5815
1988503,10548,7354,84,5411
1988504,8343,4932,144,4411
1988505,16359,6936,135,5621
1988506,2875,2988,84,5311
1988508,4281,4932,144,4829
1995896,17342,5877,57,5310
1995897,836,5877,57,5912
1995898,11737,5877,57,5499
1995903,17163,5877,57,5094
1995905,1842,5877,57,5311
1995906,8145,5877,57,5411
1995907,10176,5877,57,5211
1995908,1842,5877,57,5311
1995911,15732,5877,57,3504
1995924,15732,5877,57,3504
1995925,15732,5877,57,3504
1998080,4281,4932,144,4829
1998081,5920,4502,124,5300
1998082,17332,4932,144,5912
1998083,11090,416,124,5411
2009927,12124,4932,144,5651
2013021,20420,4535,124,4814
2013022,9975,4502,124,5655
2013023,5882,3543,124,5942
2013028,9975,4502,124,5655
2013043,12173,2915,74,5094
2013044,5920,4502,124,5300
2013103,14198,4502,124,5921
2013107,13364,4535,124,5211
2013108,7229,4502,124,5932
2013109,18306,4735,124,5311
2013115,13927,6794,124,7832
2013116,20438,4296,124,3006
2013117,5286,416,124,5300
2013118,11890,7226,124,5300
2018509,169,5877,57,3509
2018510,10176,5877,57,5211
2018511,9512,5877,57,5193
2018514,169,5877,57,3509
2018518,836,5877,57,5912
2018523,13582,5877,57,5311
2018528,16649,5877,57,4121
2018529,15732,5877,57,3504
2018530,8145,5877,57,5411
2018531,18711,5877,57,5812
2018535,19246,5877,57,5651
2018536,7864,5877,57,5814
2018538,17342,5877,57,5310
2018539,1842,5877,57,5311
2018546,1842,5877,57,5311
2020177,11890,4932,144,5300
2021100,4419,4932,144,5533
2021101,9272,4932,144,4511
2022472,5889,73,4,5411
2022475,10857,73,4,4121
2036525,13358,5877,57,5921
2036527,15394,5877,57,5045
2036529,8476,5877,57,5813
2038949,6791,4932,144,4121
2038950,18661,4932,144,5311
2038951,1311,4932,144,5815
2039528,19238,4932,144,5311
2039529,1842,4932,144,5311
2039884,5506,4932,144,5815
2039885,14172,4932,144,5310
2039886,8572,4932,144,4411
2039887,17902,4932,144,5815
2039888,13170,4932,144,5311
2039889,17902,4932,144,5815
2039890,4281,4932,144,4829
2039891,16956,4932,144,5311
2039892,3715,6627,96,5812
2039893,11890,4932,144,5300
2039894,11,4932,144,3780
2039899,11,4932,144,3780
2039900,11,4932,144,3780
2040286,17409,4932,144,4214
2040287,6431,4932,144,5719
2040288,4281,4932,144,4829
2047135,13767,4932,144,4722
2047136,6008,4932,144,5311
2047137,15670,7648,97,5812
2047138,13582,4932,144,5311
2047139,1606,5799,97,5300
2047140,10441,1609,97,5411
2047141,15779,4932,144,5732
2047142,771,4932,144,3005
2047145,13767,4932,144,4722
2047146,13767,4932,144,4722
2047240,12658,1609,97,5300
2047241,5822,4932,144,5977
2047242,9791,4932,144,4131
2047243,17992,4932,144,3066
2047244,15779,4932,144,5732
2047245,18170,4932,144,5211
2047246,4281,4932,144,4829
2055306,13170,4932,144,5311
2055307,15779,4932,144,5732
2055308,6008,4932,144,5311
2066638,9631,284,37,7542
2066639,9791,4932,144,4131
2066640,8339,4932,144,5311
2066641,14172,4932,144,5310
2066642,11890,4932,144,5300
2066644,4281,4932,144,4829
2066650,1311,4932,144,5815
2066651,14219,4932,144,7801
2066652,16796,4932,144,7922
2066653,11890,4932,144,5300
2066654,5165,4932,144,5193
2066655,4281,4932,144,4829
2076384,2585,73,4,7011
2076395,8088,73,4,5310
2079372,4281,4932,144,4829
2079373,8339,4932,144,5311
2079374,11612,4932,144,7922
2079375,13677,265,37,7922
2079376,6014,4932,144,4899
2079377,10891,2105,37,5094
2094377,18533,24,37,5300
2094378,11890,4932,144,5300
2094379,19164,3449,37,5411
2094383,2875,4932,144,5311
2094384,20066,4932,144,7996
2094385,17093,3449,37,5655
2094387,780,3449,37,5651
2095540,20420,4932,144,4814
2108555,12777,6638,61,5621
2108556,11890,4932,144,5300
2108557,15779,4932,144,5732
2122872,1842,5877,57,5311
2122873,8476,5877,57,5813
2122874,169,5877,57,3509
2122876,8476,5877,57,5813
2122877,16649,5877,57,4121
2127256,15792,73,4,5651
2127269,2585,73,4,7011
2127276,4868,73,4,5912
2127293,14516,73,4,5094
2147394,10773,504,16,5814
2172598,5882,4932,144,5942
2172599,21294,4932,144,5311
2172904,18562,7432,141,5813
2172905,17902,4932,144,5815
2172906,18661,4932,144,5311
2172907,15811,4984,141,5921
2172908,15779,4932,144,5732
2172910,17902,4932,144,5815
2178329,4281,4932,144,4829
2181761,4281,4932,144,4829
2181762,14629,4932,144,3405
2181766,14629,4932,144,3405
2181767,14629,4932,144,3405
2190793,11890,4932,144,5300
2190798,2478,4932,144,5712
2190799,20137,1258,50,8021
2191777,15374,4932,144,3596
2191779,13872,4932,144,5651
2191780,14172,4932,144,5310
2191781,17902,4932,144,5815
2191782,15374,4932,144,3596
2191783,15374,4932,144,3596
2191784,2421,4932,144,5310
2191785,9384,4932,144,3001
2191786,19238,4932,144,5311
2191788,19238,4932,144,5311
2191789,1454,4932,144,5311
2191791,13170,4932,144,5311
2191792,7828,5524,44,5921
2191793,19238,4932,144,5311
2191794,15732,4932,144,3504
2191795,5506,4932,144,5815
2191796,2875,4932,144,5311
2191797,11890,4932,144,5300
2191807,15732,4932,144,3504
2191808,15732,4932,144,3504
2200291,15394,504,16,5045
2203456,17409,4932,144,4214
2203458,16972,4932,144,5310
2203459,8911,4932,144,3009
2203460,11099,4932,144,3730
2203464,11890,4932,144,5300
2203465,4281,4932,144,4829
2203466,6008,4932,144,5311
2203467,2556,1822,61,5300
2203468,4281,4932,144,4829
2203469,11890,4932,144,5300
2203470,11890,4932,144,5300
2203471,11099,4932,144,3730
2203472,11099,4932,144,3730
2213827,8088,73,4,5310
2214921,1442,4932,144,5816
2225214,5010,7177,37,5655
2225215,11890,4932,144,5300
2225217,1311,4932,144,5815
2232208,5822,4932,144,5977
2232210,6431,4932,144,5719
2232211,4281,4932,144,4829
2232214,18140,4932,144,5732
2232215,176,7177,37,5651
2232219,4281,4932,144,4829
2236515,17342,5877,57,5310
2236516,16649,5877,57,4121
2236530,17342,5877,57,5310
2236531,7982,5877,57,5970
2236540,1842,5877,57,5311
2236547,18609,5877,57,5411
2236548,8899,5877,57,3684
2236549,8899,5877,57,3684
2236575,2478,5877,57,5712
2236576,7982,5877,57,5970
2236582,5439,5877,57,5541
2236583,5439,5877,57,5541
2236585,5439,5877,57,5541
2240889,6014,6082,16,4899
2241017,11737,13,94,5499
2244214,8088,73,4,5310
2247961,15779,4932,144,5732
2247962,13170,4932,144,5311
2247963,882,4932,144,5310
2251367,20287,552,132,5300
2256460,836,5877,57,5912
2256461,5439,5877,57,5541
2256462,836,5877,57,5912
2256464,21294,5877,57,5311
2256469,13582,5877,57,5311
2256470,1842,5877,57,5311
2256473,17342,5877,57,5310
2256477,10176,5877,57,5211
2256478,17342,5877,57,5310
2256481,3842,5877,57,5712
2258126,8088,73,4,5310
2258127,6798,73,4,5621
2258128,9025,73,4,5661
2258130,5889,73,4,5411
2259460,16972,4932,144,5310
2259461,11581,4932,144,5814
2259462,11890,4932,144,5300
2259463,15779,4932,144,5732
2259464,18217,4932,144,4814
2259465,18124,4932,144,5814
2259466,2478,4932,144,5719
2259467,4203,5333,125,5921
2259468,18412,4093,125,5813
2259469,6255,5333,125,8021
2259625,20756,5333,125,8043
2259626,12422,4093,125,7995
2259627,2645,4932,144,5251
2259628,18329,5333,125,5651
2262094,378,467,96,5499
2262095,21586,4916,96,5712
2262096,11621,467,96,5812
2262097,4346,467,96,5541
2262098,11890,2209,96,5300
2262100,19716,599,96,3395
2262101,11481,271,96,5621
2262104,4857,467,96,5932
2262106,6793,2725,96,3389
2262112,6793,2725,96,3389
2262113,6793,2725,96,3389
2262334,13582,4932,144,5311
2264551,5506,4932,144,5815
2264552,6165,4932,144,4112
2264553,1347,4932,144,4411
2264554,18306,4932,144,5311
2264555,11890,4932,144,5300
2264558,11612,4932,144,7922
2264559,12173,4932,144,5094
2264560,12173,4932,144,5094
2264561,20066,4932,144,7996
2264562,4281,4932,144,4829
2264563,9027,4932,144,4411
2264564,11788,4932,144,3000
2264578,5506,4932,144,5815
2264579,16679,1704,125,7549
2264580,17902,4932,144,5815
2266704,18802,4932,144,5251
2266705,4281,4932,144,4829
2266706,16956,4932,144,5311
2266707,13582,4932,144,5311
2267044,5014,6507,50,7922
2267055,13170,6427,50,5311
2267056,10363,7559,50,5300
2267060,17048,4723,50,5912
2267077,2875,4142,50,5311
2267090,13872,2401,50,5651
2267091,15779,2401,50,5732
2267092,19189,7586,50,5655
2267094,12173,1456,71,5094
2267102,17925,3708,50,5300
2273426,18965,4932,144,5193
2273430,20412,4932,144,4131
2273432,11914,7559,50,7995
2273433,4281,4932,144,4829
2273434,2875,4932,144,5311
2273435,16027,7559,50,5211
2273436,9384,4932,144,3001
2273438,11612,4932,144,7922
2273439,15886,4932,144,5816
2273444,10736,3781,50,5193
2273445,8911,4932,144,3009
2274355,15779,4932,144,5732
2274357,6793,4932,144,3389
2274361,6793,4932,144,3389
2274362,6793,4932,144,3389
2279374,8837,4932,144,5651
2279375,14301,7193,16,5621
2279376,16754,7193,16,5310
2279377,18170,4932,144,5211
2280062,5867,4932,144,5912
2280063,12173,4932,144,5094
2280064,19238,4932,144,5311
2280066,882,4932,144,5310
2280067,5506,4932,144,5815
2280068,15394,4932,144,5045
2280071,9027,4932,144,4411
2280073,8445,5524,44,4121
2280074,7828,5524,44,5921
2280075,8339,4932,144,5311
2280077,11890,4932,144,5300
2282547,15476,4932,144,7996
2282548,11890,4932,144,5300
2282549,16956,4932,144,5311
2282550,8262,7193,16,8099
2286180,11890,4520,16,5300
2307679,4281,4932,144,4829
2307683,3189,504,16,5912
2307689,169,4932,144,3509
2307690,9791,4932,144,4131
2307691,15779,4932,144,5732
2307692,3106,7193,16,5193
2307693,4281,4932,144,4829
2307694,3244,1424,16,5300
2307695,16053,1424,16,5912
2307719,169,4932,144,3509
2307720,169,4932,144,3509
2318930,13872,4932,144,5651
2318931,2645,4932,144,5251
2318932,20145,1177,68,5310
2318933,9154,7396,68,7542
2318934,11890,4932,144,5300
2318935,18124,4932,144,5814
2322727,18217,4932,144,4814
2322728,11890,4932,144,5300
2322729,16796,4932,144,7922
2322730,8899,4932,144,3684
2322744,8899,4932,144,3684
2322745,8899,4932,144,3684
2338756,6431,4932,144,5719
2338757,20438,4932,144,3006
2338758,9662,4932,144,5651
2338761,14967,4932,144,4814
2338762,16467,2902,68,5411
2338763,12173,4932,144,5094
2338765,1132,272,68,7832
2338766,11099,4932,144,3730
2338767,11890,4932,144,5300
2338770,11099,4932,144,3730
2338771,11099,4932,144,3730
2338802,6386,1727,68,5812
2338803,6114,1603,68,5300
2338804,17332,4932,144,5912
2343350,1454,4932,144,5311
2343351,19264,4932,144,4722
2343352,3071,4932,144,5311
2343354,16972,4932,144,5310
2343355,15732,4932,144,3504
2343364,15732,4932,144,3504
2343365,15732,4932,144,3504
2343370,19264,4932,144,4722
2343371,19264,4932,144,4722
2348593,5506,4932,144,5815
2348594,6431,4932,144,5719
2348595,4863,6656,96,5813
2348597,19264,4932,144,4722
2348598,4281,4932,144,4829
2348599,17902,4932,144,5815
2348600,4281,4932,144,4829
2348601,15821,6627,96,8099
2348602,6008,4932,144,5311
2348605,19264,4932,144,4722
2348606,19264,4932,144,4722
2349061,3071,5877,57,5311
2349062,2478,5877,57,5712
2349063,17342,5877,57,5310
2349064,169,5877,57,3509
2349065,15599,5877,57,5814
2349066,17342,5877,57,5310
2349067,20169,5877,57,5661
2349068,1842,5877,57,5311
2349070,169,5877,57,3509
2349071,17409,5877,57,4214
2349073,18609,5877,57,5411
2350135,19716,293,18,3395
2350140,13872,293,18,5651
2350142,19716,293,18,3395
2350143,19716,293,18,3395
2350144,8255,4003,136,5300
2350145,7303,1737,136,5499
2350146,5882,6478,18,5942
2350147,2478,2661,18,5719
2350148,17447,293,18,7538
2350149,8255,4003,136,5300
2350150,15394,2580,18,5045
2350152,522,2617,136,5655
2350153,15779,768,18,5732
2350155,1139,3823,71,3771
2351338,5439,5877,57,5541
2351339,836,5877,57,5912
2351340,3071,5877,57,5311
2351341,2797,5877,57,5812
2351342,7982,5877,57,5970
2351343,1842,5877,57,5311
2351344,17163,5877,57,5094
2351345,8476,5877,57,5813
2351346,12049,5877,57,5541
2351397,11890,4932,144,5300
2351398,11890,4932,144,5300
2351399,169,4932,144,3509
2351402,4889,4932,144,4214
2351403,11642,4932,144,3722
2351404,11788,4932,144,3000
2351405,15779,4932,144,5732
2351406,6008,4932,144,5311
2351407,169,4932,144,3509
2351408,169,4932,144,3509
2351409,11642,4932,144,3722
2351410,11642,4932,144,3722
2351890,17869,4004,136,5813
2351891,5867,4932,144,5912
2351892,14580,4004,136,7542
2351893,7497,4932,144,5310
2351894,11890,4932,144,5300
2351895,4318,4932,144,5211
2352514,17342,5877,57,5310
2352515,3071,5877,57,5311
2352516,13582,5877,57,5311
2352517,21294,5877,57,5311
2352522,10290,5877,57,5621
2352523,19246,5877,57,5651
2352524,836,5877,57,5912
2352525,169,5877,57,3509
2352527,13358,5877,57,5921
2352530,4889,5877,57,4214
2353983,15732,4932,144,3504
2353984,16956,4932,144,5311
2353985,18802,4932,144,5251
2353986,2478,4932,144,5719
2353987,5506,4932,144,5815
2353988,17409,4932,144,4214
2353990,3842,4932,144,5712
2353991,16820,4932,144,3075
2353993,4889,4932,144,4214
2354003,15732,4932,144,3504
2354004,15732,4932,144,3504
2369965,15886,4932,144,5816
2369966,6008,4932,144,5311
2369967,2665,6142,34,7996
2369968,786,2257,34,7349
2376182,1454,4932,144,5311
2376183,4281,4932,144,4829
2376184,15886,4932,144,5816
2376185,2478,4932,144,5719
2376186,11890,4932,144,5300
2376187,21537,7057,125,4121
2376188,3900,3176,125,5411
2377434,20038,4932,144,5310
2377435,20412,4932,144,4131
2377436,18661,4932,144,5311
2377438,1480,4932,144,3058
2377439,13582,4932,144,5311
2379061,19716,4932,144,3395
2379062,3900,3176,125,5411
2379063,4281,4932,144,4829
2379064,2645,4932,144,5251
2379069,19716,4932,144,3395
2379070,19716,4932,144,3395
2381660,4281,4932,144,4829
2381661,9272,4932,144,4511
2381663,2478,4932,144,5719
2381665,14629,4932,144,3405
2381666,20539,160,125,5411
2381683,14629,4932,144,3405
2381684,14629,4932,144,3405
2385617,17342,5877,57,5310
2385624,13210,5877,57,5932
2385625,1842,5877,57,5311
2385634,17342,5877,57,5310
2385636,8145,5877,57,5411
2385640,12049,5877,57,5541
2388759,6137,5877,57,5733
2388763,21294,5877,57,5311
2388764,13872,5877,57,5651
2388765,13210,5877,57,5932
2388766,21294,5877,57,5311
2388774,21294,5877,57,5311
2390873,2478,4932,144,5719
2390874,13236,4028,124,5651
2390875,2875,4932,144,5311
2390876,2875,4932,144,5311
2390877,11642,4932,144,3722
2390879,11890,4932,144,5300
2390880,9272,4932,144,4511
2390881,12124,4932,144,5651
2390888,7982,4932,144,5970
2390890,11642,4932,144,3722
2390891,11642,4932,144,3722
2391100,11890,4932,144,5300
2391101,5506,4932,144,5815
2391102,14172,4932,144,5310
2391103,5506,4932,144,5815
2391105,6791,4932,144,4121
2406370,5439,5877,57,5541
2406372,17342,5877,57,5310
2406375,3071,5877,57,5311
2406377,21294,5877,57,5311
2406383,378,5877,57,5499
2406384,378,5877,57,5499
2406385,16649,5877,57,4121
2406403,19246,5877,57,5651
2406410,2797,5877,57,5812
2406411,21294,5877,57,5311
2406412,12049,5877,57,5541
2407375,2585,73,4,7011
2407383,5889,73,4,5411
2407386,8088,73,4,5310
2407389,15685,73,4,7210
2411935,16956,4932,144,5311
2411936,2478,4932,144,5719
2411937,10021,217,125,5921
2411938,11177,217,125,5300
2411939,167,4932,144,5045
2412040,4281,4932,144,4829
2412041,11099,4932,144,3730
2412048,11099,4932,144,3730
2412049,11099,4932,144,3730
2414573,11890,4932,144,5300
2414574,16972,4932,144,5310
2414575,18306,4932,144,5311
2422640,2918,4932,144,7832
2422641,2478,4932,144,5719
2426322,6072,6627,96,5310
2426323,4281,4932,144,4829
2426324,11890,4932,144,5300
2426325,13582,4932,144,5311
2426326,17902,4932,144,5815
2426327,17581,7005,96,5932
